order_id,customer_id,product_id,order_date,quantity
1,147,50,2026-03-15,5
2,181,15,2026-05-20,5
3,129,44,2026-08-25,2
4,50,58,2026-06-27,1
5,159,51,2026-08-20,1
6,297,24,2026-07-14,2
7,47,59,2025-11-02,3
8,213,12,2025-11-03,2
9,277,57,2025-12-31,5
10,257,59,2026-03-15,2
11,132,59,2026-08-12,4
12,152,48,2026-06-12,1
13,240,5,2025-06-04,2
14,204,55,2026-08-04,3
15,47,51,2026-02-12,1
16,136,35,2025-06-23,4
17,189,44,2026-08-04,3
18,300,25,2026-06-03,1
19,120,31,2026-03-16,5
20,288,21,2026-08-19,5
21,114,42,2025-05-31,4
22,155,42,2026-06-10,1
23,72,3,2026-08-29,1
24,156,32,2026-03-18,1
25,121,57,2026-07-08,2
26,199,30,2026-06-29,5
27,215,38,2026-08-03,2
28,213,42,2025-09-12,4
29,209,18,2025-10-02,3
30,112,29,2026-08-19,2
31,186,7,2026-04-26,5
32,184,4,2026-07-01,3
33,98,8,2026-08-21,1
34,109,42,2026-08-20,1
35,26,51,2026-07-13,2
36,65,51,2026-08-23,2
37,36,54,2026-08-30,2
38,111,53,2026-07-25,3
39,76,51,2025-02-27,3
40,75,9,2026-07-13,3
41,90,8,2026-06-17,1
42,68,1,2026-02-03,2
43,166,2,2026-07-04,3
44,27,9,2026-08-20,5
45,59,48,2026-07-03,4
46,230,50,2026-01-01,5
47,56,29,2026-07-16,2
48,23,47,2026-07-18,5
49,155,30,2025-11-28,1
50,246,55,2026-03-31,4
51,56,32,2026-08-12,4
52,38,58,2025-07-02,3
53,76,5,2025-07-04,3
54,300,36,2026-05-10,4
55,272,19,2026-06-21,5
56,221,7,2026-07-17,1
57,283,47,2026-08-28,4
58,232,57,2026-05-20,4
59,174,53,2026-04-15,4
60,213,47,2025-09-10,3
61,219,21,2026-03-27,3
62,192,10,2026-08-22,4
63,35,6,2026-08-03,1
64,222,7,2026-03-15,2
65,285,4,2026-03-29,5
66,288,22,2026-04-16,1
67,211,23,2026-07-24,4
68,27,19,2026-08-13,3
69,54,37,2026-05-20,2
70,80,43,2026-07-10,2
71,56,23,2026-08-29,5
72,189,8,2026-01-14,5
73,116,52,2026-05-23,5
74,286,2,2025-12-13,1
75,93,18,2026-08-26,3
76,180,1,2026-06-24,2
77,290,43,2026-07-18,1
78,73,48,2025-05-08,1
79,272,14,2026-05-12,4
80,233,22,2025-11-28,3
81,160,47,2026-08-05,5
82,44,57,2026-07-07,2
83,81,49,2026-05-01,1
84,140,29,2026-06-20,4
85,249,39,2026-08-15,4
86,140,14,2026-08-07,5
87,59,23,2026-08-19,1
88,146,44,2026-04-04,5
89,250,34,2026-06-27,1
90,113,26,2026-02-17,1
91,4,14,2026-08-01,2
92,71,49,2025-09-23,3
93,168,8,2025-07-26,4
94,221,12,2025-09-27,4
95,273,46,2026-08-13,5
96,287,54,2026-05-11,1
97,204,56,2026-03-25,4
98,10,30,2025-07-22,3
99,295,28,2026-07-23,4
100,214,19,2025-08-03,4
101,11,21,2026-01-07,5
102,236,54,2026-02-04,1
103,224,55,2025-05-31,2
104,224,38,2026-03-29,5
105,41,26,2026-01-18,3
106,114,22,2026-06-01,2
107,40,33,2026-05-03,1
108,272,33,2026-02-08,3
109,180,47,2026-08-22,2
110,121,7,2025-06-02,3
111,102,12,2026-08-03,2
112,39,12,2026-07-08,4
113,289,49,2026-08-31,4
114,290,42,2026-08-17,5
115,166,56,2026-08-31,3
116,78,29,2025-10-16,4
117,227,41,2026-05-23,3
118,29,23,2026-07-06,1
119,159,30,2026-08-20,1
120,30,24,2026-02-25,1
121,47,40,2026-06-07,4
122,237,38,2026-04-15,1
123,231,59,2026-08-26,5
124,97,21,2026-07-04,4
125,257,10,2026-01-20,4
126,53,52,2026-07-29,3
127,44,33,2026-08-14,2
128,21,16,2026-05-24,4
129,269,34,2026-07-21,2
130,187,24,2026-05-03,4
131,210,50,2026-01-01,5
132,27,51,2026-08-15,1
133,169,7,2026-03-19,3
134,130,47,2026-06-26,5
135,77,22,2026-03-09,5
136,73,59,2026-03-31,3
137,201,9,2026-04-19,1
138,159,36,2026-08-18,3
139,66,43,2026-08-08,5
140,48,42,2026-06-10,4
141,261,24,2026-05-20,3
142,159,12,2026-08-12,3
143,249,13,2026-08-01,2
144,80,5,2026-05-23,1
145,260,50,2026-07-30,5
146,20,43,2026-02-15,5
147,68,39,2026-02-22,2
148,84,12,2026-08-20,5
149,85,47,2026-07-08,1
150,211,24,2026-07-30,2
151,228,40,2026-05-31,4
152,120,35,2026-05-10,3
153,241,58,2025-12-13,3
154,293,29,2026-07-20,3
155,196,33,2026-05-11,4
156,83,53,2026-07-20,5
157,71,56,2025-09-21,1
158,247,56,2026-08-24,5
159,53,46,2026-07-02,5
160,64,19,2025-09-30,2
161,140,29,2026-04-05,2
162,224,6,2025-09-27,4
163,179,60,2026-07-01,4
164,28,26,2026-08-13,3
165,121,25,2025-03-28,3
166,115,2,2026-08-10,1
167,172,51,2026-03-07,2
168,20,19,2026-04-25,2
169,241,29,2026-07-17,1
170,41,2,2025-11-24,2
171,77,36,2026-08-22,5
172,271,28,2026-02-22,3
173,122,20,2025-11-27,1
174,123,27,2026-07-24,1
175,57,54,2026-08-15,4
176,275,2,2026-06-24,5
177,295,16,2025-12-15,3
178,220,1,2026-08-24,2
179,293,27,2025-10-12,1
180,269,24,2025-10-16,5
181,279,33,2026-08-05,5
182,284,2,2025-11-13,4
183,23,41,2026-04-08,3
184,130,48,2025-04-24,3
185,35,23,2026-08-13,1
186,298,48,2026-08-23,3
187,69,3,2026-07-26,5
188,174,53,2025-07-04,4
189,246,41,2025-12-09,2
190,33,46,2026-08-10,1
191,151,13,2026-06-22,2
192,22,21,2026-03-29,5
193,204,53,2026-08-01,4
194,130,3,2026-05-06,2
195,147,23,2025-12-12,3
196,140,8,2026-08-30,3
197,224,57,2026-03-28,4
198,198,22,2025-11-16,4
199,255,24,2026-08-31,3
200,43,47,2026-03-22,1
201,221,39,2025-10-23,5
202,151,21,2026-06-30,1
203,168,43,2025-12-21,3
204,229,39,2026-08-03,2
205,228,23,2026-07-12,1
206,181,40,2026-07-22,3
207,30,5,2026-08-24,4
208,187,33,2026-03-01,1
209,74,55,2026-08-20,4
210,18,9,2025-05-20,2
211,188,24,2026-04-20,5
212,17,39,2026-02-14,4
213,190,24,2026-01-19,1
214,294,9,2026-08-29,3
215,204,21,2026-08-28,3
216,128,8,2026-01-15,2
217,256,34,2026-02-01,5
218,61,17,2026-03-29,4
219,110,40,2026-07-29,4
220,103,8,2026-01-12,1
221,232,12,2026-07-14,1
222,164,43,2026-01-31,1
223,282,35,2026-01-23,3
224,81,46,2026-06-02,3
225,261,15,2026-06-02,2
226,72,16,2026-08-09,4
227,14,24,2026-06-25,4
228,283,9,2026-08-31,1
229,34,20,2025-12-12,4
230,270,27,2026-06-15,5
231,38,9,2025-10-31,1
232,231,30,2026-08-18,5
233,177,9,2026-08-29,5
234,94,50,2026-07-14,4
235,258,59,2025-03-12,1
236,266,10,2026-05-03,2
237,83,21,2026-08-22,2
238,178,34,2026-06-24,1
239,129,13,2026-06-25,5
240,141,9,2026-08-29,3
241,274,6,2025-12-25,2
242,298,10,2026-06-09,5
243,173,54,2026-06-22,1
244,15,6,2026-04-27,5
245,136,42,2025-08-06,5
246,214,40,2026-04-29,1
247,255,57,2026-08-31,3
248,155,31,2026-03-18,4
249,153,30,2026-01-11,1
250,81,29,2026-08-03,4
251,238,14,2026-03-27,5
252,74,21,2026-06-07,3
253,205,9,2026-07-30,3
254,264,36,2025-08-31,3
255,124,30,2025-05-15,3
256,231,16,2026-07-15,1
257,26,19,2026-07-26,5
258,215,16,2026-08-31,2
259,168,60,2026-05-14,3
260,98,49,2026-08-12,4
261,264,30,2026-03-20,3
262,255,2,2026-08-27,4
263,259,30,2025-10-20,2
264,299,23,2026-01-04,1
265,145,32,2026-08-27,4
266,147,35,2025-11-22,1
267,221,9,2025-12-05,3
268,207,24,2026-04-22,4
269,27,37,2026-08-29,2
270,186,36,2026-03-16,1
271,198,33,2026-03-31,5
272,144,53,2026-03-14,5
273,61,9,2026-01-04,4
274,192,51,2026-07-31,5
275,188,49,2025-08-18,2
276,261,26,2026-07-21,1
277,24,3,2025-12-10,3
278,243,34,2026-06-30,2
279,264,9,2025-12-22,5
280,164,11,2026-02-24,5
281,154,38,2025-10-27,5
282,261,35,2026-07-19,5
283,154,31,2026-06-29,1
284,189,22,2026-08-04,1
285,214,38,2025-11-10,1
286,243,17,2026-07-25,5
287,296,15,2026-07-28,1
288,299,31,2026-02-04,5
289,195,10,2026-08-23,2
290,17,37,2026-07-04,1
291,98,2,2026-08-21,3
292,215,10,2026-06-21,2
293,211,33,2026-06-27,4
294,32,46,2026-06-13,5
295,107,36,2026-03-14,4
296,270,25,2026-05-22,2
297,236,59,2026-07-29,3
298,280,23,2026-08-07,3
299,248,13,2026-08-05,3
300,286,20,2025-10-31,3
301,148,46,2026-07-04,4
302,163,31,2026-06-26,5
303,141,19,2025-12-14,5
304,279,25,2026-08-19,4
305,177,50,2026-08-03,3
306,22,19,2026-07-10,1
307,178,60,2026-08-04,3
308,246,14,2025-12-19,5
309,139,60,2026-06-05,3
310,71,7,2026-03-27,5
311,123,16,2026-04-10,5
312,116,41,2026-02-12,1
313,52,27,2026-05-16,4
314,52,44,2026-02-06,1
315,282,60,2025-11-16,4
316,244,31,2025-08-10,3
317,165,19,2026-05-19,1
318,46,42,2026-08-15,2
319,274,48,2026-04-17,1
320,90,27,2025-10-12,1
321,204,51,2026-07-19,2
322,149,57,2026-08-15,1
323,153,37,2026-01-28,3
324,146,30,2026-03-16,5
325,269,32,2025-11-19,5
326,240,18,2025-07-27,1
327,170,11,2026-06-28,3
328,96,1,2026-02-20,3
329,291,44,2025-10-07,2
330,208,53,2026-05-13,5
331,168,6,2026-02-13,1
332,95,9,2026-08-05,3
333,128,1,2026-03-16,4
334,121,29,2025-10-04,3
335,155,38,2025-11-18,3
336,185,45,2026-05-26,1
337,61,30,2026-04-22,2
338,208,44,2026-06-01,3
339,61,41,2026-04-16,3
340,114,15,2025-07-06,4
341,79,30,2026-08-20,5
342,192,27,2026-08-23,5
343,242,49,2026-08-26,2
344,127,44,2026-06-01,5
345,42,34,2026-08-17,5
346,186,5,2026-08-04,1
347,32,54,2026-08-05,5
348,104,37,2025-08-16,2
349,168,55,2026-04-15,4
350,60,44,2026-07-20,5
351,251,6,2026-06-03,4
352,29,30,2025-06-17,5
353,213,30,2026-05-08,1
354,287,30,2026-04-17,1
355,203,17,2026-08-30,2
356,297,5,2025-07-28,4
357,177,45,2026-07-29,5
358,31,60,2026-08-06,4
359,17,19,2026-04-20,2
360,70,50,2026-08-03,4
361,192,58,2026-08-03,4
362,194,25,2026-02-23,5
363,69,42,2026-07-25,1
364,92,35,2026-06-07,5
365,66,47,2025-12-06,1
366,12,20,2026-08-05,5
367,218,35,2025-11-08,2
368,127,30,2025-11-04,2
369,142,13,2026-08-22,1
370,17,52,2026-06-24,4
371,9,16,2026-05-27,1
372,52,39,2025-12-15,4
373,25,16,2026-07-09,1
374,206,29,2026-03-24,5
375,112,49,2026-07-25,2
376,258,19,2025-09-11,5
377,164,37,2026-06-09,3
378,122,20,2025-12-08,5
379,114,27,2025-09-29,3
380,32,36,2026-08-10,2
381,219,36,2025-12-30,1
382,177,42,2026-08-18,5
383,164,45,2026-03-08,4
384,77,20,2026-05-24,2
385,276,31,2025-11-26,2
386,154,55,2026-05-05,2
387,238,59,2026-01-13,5
388,212,27,2026-08-07,2
389,199,16,2026-06-14,2
390,170,42,2025-06-04,4
391,190,6,2026-03-07,2
392,27,18,2026-08-18,5
393,21,56,2025-11-18,2
394,287,14,2026-07-14,2
395,171,20,2026-08-13,2
396,98,48,2026-08-10,4
397,125,45,2026-04-07,2
398,204,59,2026-05-15,5
399,165,50,2025-11-14,4
400,239,35,2026-04-15,3
401,134,24,2026-08-26,4
402,239,7,2026-06-11,3
403,105,24,2026-08-20,4
404,24,37,2026-01-22,2
405,9,17,2026-08-24,5
406,297,47,2026-02-03,3
407,79,13,2026-07-25,2
408,195,37,2026-08-26,2
409,256,36,2026-06-18,3
410,132,49,2026-08-10,4
411,252,30,2025-10-11,3
412,87,9,2026-07-27,5
413,251,12,2026-06-19,1
414,269,3,2025-10-20,1
415,4,27,2026-07-21,2
416,35,46,2026-08-07,1
417,112,33,2026-08-20,3
418,31,40,2026-08-24,5
419,248,43,2026-08-21,1
420,4,35,2026-08-17,4
421,7,2,2026-08-08,3
422,275,19,2025-08-13,5
423,221,52,2025-10-22,1
424,50,34,2026-02-25,2
425,99,40,2026-08-03,3
426,182,18,2026-08-11,4
427,41,24,2026-04-26,4
428,290,16,2026-08-25,2
429,154,44,2026-07-05,1
430,17,6,2026-04-19,4
431,194,36,2026-06-04,1
432,5,45,2026-04-21,1
433,256,55,2026-02-25,3
434,290,55,2026-06-09,5
435,22,15,2026-03-04,5
436,244,18,2025-03-06,1
437,144,58,2026-02-01,5
438,17,12,2026-08-31,3
439,9,14,2026-05-11,4
440,40,20,2025-09-04,5
441,124,37,2026-02-12,5
442,170,25,2025-08-06,1
443,257,48,2026-04-03,1
444,51,28,2026-07-27,1
445,175,39,2026-06-23,5
446,204,50,2026-06-06,1
447,140,51,2026-03-04,4
448,117,23,2026-06-28,4
449,96,44,2026-04-05,1
450,152,52,2026-05-20,1
451,43,18,2025-06-18,4
452,79,48,2026-07-28,3
453,185,7,2026-04-19,1
454,158,29,2026-04-26,3
455,53,9,2025-06-08,2
456,221,29,2026-05-04,5
457,263,27,2026-05-19,1
458,46,23,2026-08-10,1
459,167,56,2026-03-14,1
460,150,27,2026-03-19,1
461,287,58,2026-03-15,5
462,267,11,2026-08-26,2
463,72,18,2026-06-07,3
464,253,10,2026-07-07,2
465,223,18,2026-06-08,3
466,248,51,2026-07-25,3
467,129,16,2026-08-08,4
468,101,30,2025-09-21,2
469,156,1,2026-05-29,3
470,195,52,2026-04-19,4
471,172,28,2026-08-25,5
472,70,20,2026-06-23,5
473,103,31,2026-04-13,2
474,204,21,2026-05-28,4
475,295,51,2026-02-04,3
476,193,18,2026-04-11,3
477,59,60,2026-07-20,5
478,280,12,2026-08-10,5
479,14,47,2026-08-12,2
480,225,52,2026-05-28,1
481,210,44,2026-06-15,2
482,156,16,2026-04-22,2
483,217,51,2026-04-01,1
484,230,39,2026-03-02,5
485,206,35,2026-06-02,4
486,279,3,2026-08-06,3
487,275,39,2026-06-27,1
488,56,50,2026-06-13,3
489,86,42,2026-07-21,1
490,289,42,2026-05-31,3
491,221,7,2025-07-28,1
492,133,15,2026-07-02,5
493,286,38,2025-10-27,4
494,192,26,2026-08-08,5
495,257,10,2026-04-03,1
496,248,7,2026-08-08,4
497,44,8,2026-08-26,2
498,179,20,2026-08-10,4
499,106,34,2026-08-04,3
500,244,7,2026-04-11,4
501,164,5,2026-01-07,1
502,59,2,2026-08-07,1
503,85,60,2026-08-15,2
504,265,12,2026-07-14,2
505,170,36,2026-05-26,4
506,119,52,2026-04-12,2
507,96,41,2026-05-28,4
508,15,48,2026-06-05,4
509,220,25,2026-08-13,2
510,106,18,2026-08-22,1
511,296,7,2026-08-07,5
512,96,24,2026-02-08,2
513,235,8,2026-08-15,4
514,271,41,2026-04-15,5
515,199,40,2026-07-02,5
516,59,23,2026-08-09,4
517,89,53,2026-08-29,3
518,44,44,2026-07-12,3
519,61,16,2026-04-21,1
520,94,24,2026-07-16,5
521,199,27,2026-07-28,2
522,295,25,2026-05-07,2
523,250,41,2026-08-25,2
524,285,11,2026-02-07,3
525,72,12,2026-06-09,4
526,28,56,2026-05-31,1
527,249,9,2026-07-30,4
528,288,33,2026-04-07,4
529,210,44,2026-06-07,4
530,228,32,2026-05-01,1
531,290,2,2026-06-25,3
532,17,18,2026-03-04,5
533,148,11,2026-08-05,5
534,254,36,2026-04-28,1
535,294,8,2026-08-21,5
536,188,35,2025-05-05,4
537,280,14,2026-03-31,1
538,127,20,2026-08-01,1
539,231,17,2026-07-28,1
540,225,56,2026-04-14,2
541,108,52,2026-03-06,5
542,220,11,2026-08-17,2
543,106,52,2026-07-08,5
544,180,35,2026-07-06,5
545,276,11,2026-02-19,3
546,149,37,2026-08-22,5
547,49,9,2026-05-31,1
548,142,56,2026-06-11,2
549,68,16,2025-07-01,3
550,127,49,2026-07-16,4
551,251,10,2026-07-07,3
552,213,25,2026-03-12,1
553,48,26,2026-03-22,3
554,189,30,2026-05-01,3
555,298,1,2026-08-26,1
556,235,41,2026-08-28,3
557,33,51,2026-08-29,4
558,112,28,2026-08-04,4
559,138,21,2026-06-28,3
560,281,37,2025-12-22,5
561,249,51,2026-08-08,1
562,24,7,2026-08-17,4
563,9,8,2026-05-15,4
564,234,1,2026-07-25,2
565,68,57,2025-12-08,2
566,141,6,2026-04-15,3
567,43,24,2025-06-30,1
568,203,41,2026-08-31,2
569,220,42,2026-08-15,1
570,1,14,2025-12-25,1
571,68,38,2025-09-21,5
572,228,1,2026-03-22,3
573,62,56,2026-05-06,2
574,245,5,2025-12-10,4
575,46,47,2026-04-17,1
576,161,24,2026-03-23,2
577,196,50,2026-07-23,2
578,74,5,2026-07-31,5
579,5,40,2026-08-22,2
580,226,23,2026-06-30,2
581,211,40,2026-08-04,4
582,112,6,2026-07-28,2
583,64,38,2026-08-27,4
584,180,28,2026-07-11,2
585,127,18,2026-04-06,1
586,128,36,2026-06-11,5
587,146,50,2026-08-16,1
588,155,14,2026-08-05,5
589,261,13,2026-08-21,4
590,152,42,2026-03-31,2
591,254,25,2025-10-06,2
592,256,41,2026-05-18,1
593,271,57,2026-01-28,3
594,163,9,2026-07-06,5
595,216,24,2026-05-18,2
596,242,50,2026-07-27,1
597,35,1,2026-08-14,2
598,21,60,2025-11-11,4
599,260,19,2026-07-10,4
600,217,45,2026-04-13,1
601,275,35,2026-06-16,2
602,143,6,2026-07-23,1
603,262,59,2026-08-17,2
604,275,21,2026-02-21,5
605,34,20,2026-05-15,4
606,123,4,2026-05-30,1
607,223,8,2026-06-25,5
608,29,20,2025-07-31,1
609,7,46,2026-06-19,1
610,84,32,2026-02-24,5
611,265,51,2026-08-18,3
612,86,24,2026-03-19,3
613,61,50,2025-12-01,3
614,220,18,2026-08-29,1
615,135,46,2026-07-04,1
616,255,30,2026-08-31,3
617,29,32,2025-07-22,3
618,81,17,2026-05-15,5
619,60,15,2026-08-23,5
620,2,3,2025-10-15,2
621,24,31,2026-04-05,4
622,77,12,2026-02-26,5
623,215,15,2026-06-10,2
624,214,59,2026-06-09,3
625,139,53,2025-09-30,5
626,191,8,2026-07-07,1
627,92,15,2026-08-09,1
628,206,5,2026-05-23,3
629,160,21,2026-07-21,5
630,234,1,2026-07-10,2
631,150,37,2025-12-23,5
632,125,30,2025-12-07,5
633,253,50,2026-08-21,2
634,280,49,2025-12-29,2
635,4,60,2026-08-08,1
636,120,35,2026-06-06,1
637,172,1,2026-08-11,4
638,158,7,2026-03-17,5
639,122,27,2026-06-04,1
640,73,46,2026-01-18,1
641,23,59,2026-02-27,5
642,212,45,2026-02-27,4
643,44,38,2026-07-10,5
644,69,41,2026-07-31,1
645,291,4,2026-06-12,2
646,122,19,2026-02-06,3
647,202,45,2026-08-23,3
648,163,29,2026-06-06,2
649,39,13,2025-07-07,5
650,56,10,2026-05-26,2
651,231,30,2026-07-26,4
652,62,35,2026-04-19,2
653,232,20,2026-07-19,3
654,62,6,2026-02-27,3
655,21,14,2026-03-28,2
656,47,46,2025-09-15,3
657,203,33,2026-08-30,3
658,134,53,2026-03-06,1
659,208,55,2026-05-19,5
660,282,16,2025-10-15,4
661,53,52,2026-06-05,2
662,63,1,2026-04-23,2
663,67,13,2026-04-16,3
664,44,38,2026-08-10,3
665,39,2,2025-04-25,2
666,228,52,2026-04-21,1
667,170,8,2025-04-28,4
668,26,11,2026-08-07,4
669,255,2,2026-08-30,4
670,89,23,2026-05-03,2
671,141,18,2026-05-29,2
672,18,40,2025-11-19,3
673,256,27,2026-04-25,4
674,32,6,2026-07-01,4
675,71,27,2025-08-26,5
676,128,41,2026-08-02,5
677,10,25,2026-07-18,3
678,246,35,2026-05-13,3
679,290,33,2026-07-08,4
680,139,12,2025-09-04,3
681,113,2,2026-07-19,3
682,30,52,2026-05-31,5
683,184,50,2026-07-25,2
684,82,7,2026-06-01,2
685,137,35,2026-08-09,1
686,113,37,2026-06-24,4
687,182,60,2026-08-17,2
688,91,16,2026-01-20,3
689,15,46,2026-07-15,5
690,289,10,2026-08-23,2
691,253,35,2026-07-22,2
692,252,3,2025-09-01,1
693,120,39,2026-05-05,1
694,270,31,2026-03-03,3
695,104,52,2025-07-27,3
696,91,59,2026-01-26,1
697,12,10,2026-02-21,1
698,270,56,2026-06-04,1
699,192,46,2026-08-21,4
700,52,22,2026-05-01,3
701,70,11,2026-08-14,4
702,250,42,2026-06-30,2
703,288,45,2026-08-06,5
704,183,15,2026-08-17,5
705,90,25,2025-12-18,3
706,66,12,2026-08-22,1
707,294,26,2026-08-31,1
708,94,39,2026-08-07,5
709,114,41,2026-02-12,1
710,255,10,2026-08-29,1
711,122,23,2026-03-08,2
712,46,53,2026-06-15,4
713,6,17,2025-11-06,2
714,35,23,2026-08-14,1
715,1,4,2025-11-08,4
716,215,11,2026-08-21,4
717,253,57,2026-07-27,3
718,280,25,2025-10-16,4
719,296,42,2026-08-02,2
720,84,29,2025-10-07,1
721,151,2,2026-07-27,3
722,54,5,2026-02-25,2
723,193,11,2025-05-20,5
724,48,22,2026-05-02,5
725,248,46,2026-07-22,4
726,85,39,2026-07-07,2
727,28,7,2026-05-17,2
728,98,27,2026-08-29,5
729,277,17,2026-05-31,3
730,153,16,2026-01-23,1
731,202,37,2026-08-05,4
732,79,4,2026-07-27,1
733,219,6,2025-09-18,5
734,246,13,2025-10-26,1
735,106,11,2026-08-14,3
736,42,31,2026-05-24,3
737,204,31,2026-07-18,3
738,47,42,2026-07-15,4
739,95,24,2026-07-23,3
740,96,29,2025-04-26,3
741,226,30,2026-07-06,2
742,138,37,2026-05-02,2
743,50,6,2026-07-08,3
744,278,27,2026-08-29,2
745,284,4,2026-07-02,4
746,268,27,2026-03-03,4
747,294,57,2026-08-20,4
748,154,6,2025-11-26,1
749,258,37,2026-06-28,5
750,76,8,2026-05-30,2
751,86,14,2026-04-05,2
752,22,28,2026-01-29,4
753,104,53,2025-08-14,5
754,133,21,2025-04-04,1
755,199,36,2026-07-02,5
756,167,55,2026-01-17,5
757,235,59,2026-08-07,5
758,268,51,2026-01-02,1
759,213,10,2025-10-07,5
760,299,49,2026-08-26,1
761,55,37,2026-08-28,1
762,147,56,2026-08-19,3
763,211,17,2026-03-02,4
764,293,39,2026-08-01,1
765,89,18,2026-06-21,2
766,206,3,2026-05-05,3
767,122,4,2026-05-27,3
768,191,2,2026-05-26,3
769,160,18,2026-08-16,1
770,117,9,2026-05-20,4
771,165,18,2026-07-01,4
772,46,13,2026-07-13,2
773,209,48,2026-05-22,5
774,192,53,2026-07-13,5
775,82,5,2026-06-17,5
776,207,9,2026-08-23,5
777,15,12,2026-06-04,2
778,30,16,2025-10-18,4
779,26,59,2026-07-20,2
780,141,24,2026-06-07,5
781,204,41,2026-04-15,1
782,124,24,2026-05-25,5
783,229,12,2026-08-15,5
784,283,23,2026-08-29,2
785,133,48,2025-04-28,3
786,15,25,2026-04-28,2
787,293,50,2025-11-09,2
788,116,44,2026-01-29,3
789,210,33,2025-02-09,1
790,243,59,2026-05-19,2
791,5,15,2026-05-12,5
792,157,46,2026-05-09,3
793,217,58,2026-03-31,3
794,236,17,2025-09-10,4
795,155,44,2026-08-06,5
796,204,38,2026-04-10,1
797,262,43,2026-08-22,5
798,145,20,2026-08-28,1
799,247,5,2026-08-24,3
800,167,56,2026-01-17,3
801,153,13,2026-02-19,5
802,124,58,2025-03-09,5
803,207,43,2026-07-01,2
804,14,42,2026-08-30,3
805,133,59,2026-03-30,4
806,199,48,2026-05-17,5
807,293,53,2025-10-15,3
808,114,44,2026-01-27,4
809,184,33,2026-06-19,2
810,286,12,2026-01-09,1
811,242,9,2026-08-08,5
812,94,44,2026-08-09,1
813,114,23,2025-08-21,3
814,216,51,2026-01-28,3
815,134,38,2026-05-06,4
816,61,31,2025-12-13,5
817,298,40,2026-05-28,4
818,100,33,2026-08-22,4
819,272,20,2026-05-31,1
820,78,9,2025-12-23,3
821,210,37,2026-05-03,2
822,162,56,2026-08-28,2
823,42,32,2026-07-19,2
824,161,41,2025-11-19,1
825,232,18,2026-05-15,2
826,296,49,2026-05-17,4
827,46,9,2026-08-26,4
828,220,26,2026-08-26,4
829,197,1,2026-03-15,5
830,103,47,2026-05-14,1
831,165,49,2026-08-23,5
832,98,2,2026-08-28,1
833,128,15,2026-07-05,3
834,160,9,2026-07-22,4
835,258,38,2025-11-24,2
836,34,53,2025-06-15,3
837,149,30,2026-08-30,5
838,269,22,2026-04-22,2
839,176,58,2026-08-16,3
840,97,11,2026-03-23,1
841,117,15,2026-02-23,2
842,12,38,2026-08-26,2
843,64,24,2026-08-18,1
844,193,57,2025-11-21,5
845,25,39,2025-07-19,1
846,11,4,2025-12-10,4
847,228,25,2026-04-20,5
848,130,31,2026-04-10,2
849,106,45,2026-08-17,1
850,155,27,2026-01-03,5
851,139,40,2026-06-28,2
852,215,54,2026-08-23,1
853,262,47,2026-08-30,1
854,145,8,2026-08-30,1
855,255,13,2026-08-31,2
856,135,54,2026-06-06,2
857,184,46,2026-07-03,3
858,83,3,2026-08-12,4
859,107,45,2026-06-02,3
860,121,1,2025-01-17,1
861,57,54,2026-02-26,4
862,77,6,2026-06-27,1
863,52,58,2026-04-08,2
864,234,19,2026-06-13,4
865,26,7,2026-06-02,1
866,149,24,2026-08-24,4
867,60,7,2026-08-30,1
868,5,55,2026-04-13,2
869,169,23,2026-05-11,5
870,138,57,2026-05-10,3
871,176,12,2026-06-29,4
872,205,30,2025-11-22,4
873,245,52,2026-03-18,2
874,58,9,2026-07-30,1
875,82,7,2026-07-14,5
876,248,52,2026-08-26,4
877,93,40,2026-08-28,3
878,15,56,2026-05-19,4
879,250,8,2026-07-24,4
880,24,5,2026-02-11,3
881,7,46,2026-08-27,5
882,296,47,2026-07-08,2
883,174,34,2026-06-25,5
884,49,28,2026-03-09,4
885,178,43,2026-07-20,2
886,286,58,2025-05-09,1
887,81,33,2026-08-17,4
888,85,5,2026-08-17,4
889,165,16,2025-12-09,3
890,26,33,2026-06-15,5
891,194,26,2026-08-31,2
892,41,30,2026-06-04,5
893,230,6,2026-03-12,4
894,162,8,2026-08-24,1
895,53,26,2025-11-22,1
896,286,36,2025-03-15,1
897,156,57,2026-06-27,5
898,106,42,2026-08-16,4
899,175,24,2025-09-09,2
900,233,22,2026-06-22,5
901,243,46,2026-07-26,3
902,232,8,2026-04-16,2
903,2,22,2026-04-08,3
904,281,34,2026-04-26,1
905,24,58,2025-12-24,4
906,72,53,2026-07-30,4
907,55,17,2026-08-23,2
908,97,8,2026-03-18,2
909,235,53,2026-08-13,3
910,56,49,2026-07-05,1
911,64,50,2026-04-06,4
912,259,9,2026-07-11,1
913,272,48,2025-11-25,5
914,222,54,2026-07-02,4
915,261,50,2026-06-09,5
916,89,47,2026-04-11,1
917,199,43,2026-07-28,5
918,165,33,2026-01-05,4
919,128,18,2026-04-20,3
920,151,29,2026-07-04,2
921,212,39,2026-07-20,3
922,281,56,2026-03-26,5
923,112,13,2026-08-04,5
924,149,44,2026-08-25,2
925,92,33,2026-08-22,3
926,60,49,2026-07-29,5
927,246,38,2026-06-26,4
928,274,19,2026-07-05,4
929,7,34,2026-06-15,1
930,196,10,2026-01-09,1
931,103,18,2026-01-25,3
932,129,10,2025-09-04,3
933,105,49,2026-08-02,3
934,232,7,2026-08-27,5
935,115,48,2026-08-31,5
936,200,16,2026-08-29,3
937,25,60,2026-01-06,4
938,214,51,2026-05-22,3
939,283,4,2026-08-27,3
940,104,40,2026-06-12,2
941,189,49,2026-06-22,5
942,101,50,2026-08-04,2
943,151,29,2026-07-09,1
944,96,12,2026-08-20,1
945,194,3,2026-05-23,3
946,285,17,2025-08-07,2
947,300,55,2026-04-04,1
948,170,30,2025-08-21,1
949,79,60,2026-07-24,5
950,27,50,2026-08-13,4
951,294,36,2026-08-24,1
952,163,34,2026-05-24,2
953,267,5,2026-08-30,2
954,213,35,2026-04-24,4
955,48,23,2025-10-23,2
956,170,22,2026-03-20,3
957,112,49,2026-08-30,5
958,244,36,2025-01-27,1
959,178,29,2026-06-13,5
960,125,3,2026-05-17,3
961,196,59,2026-07-18,1
962,198,17,2026-05-16,3
963,13,59,2026-06-06,3
964,264,52,2026-03-25,4
965,250,3,2026-06-24,2
966,165,33,2025-08-04,1
967,86,50,2026-07-02,5
968,4,41,2026-07-17,2
969,110,56,2026-08-23,4
970,54,14,2026-06-05,4
971,37,48,2026-08-07,2
972,13,30,2026-07-27,3
973,20,6,2025-10-03,1
974,92,51,2026-03-26,5
975,37,37,2026-04-12,3
976,209,25,2026-05-04,4
977,222,21,2025-09-14,4
978,61,35,2025-11-19,5
979,33,49,2026-04-26,1
980,184,60,2026-07-15,1
981,149,51,2026-08-23,5
982,45,19,2026-07-27,4
983,203,53,2026-08-30,4
984,81,35,2026-06-14,2
985,201,51,2026-08-01,5
986,152,41,2026-04-23,3
987,192,1,2026-08-14,5
988,73,8,2025-05-19,1
989,294,39,2026-08-25,5
990,281,6,2026-03-22,2
991,177,14,2026-08-20,5
992,73,11,2025-10-12,2
993,130,13,2025-06-13,2
994,291,55,2025-05-18,5
995,237,42,2026-04-13,1
996,149,43,2026-08-16,3
997,51,13,2026-08-29,3
998,183,9,2026-08-20,2
999,52,19,2026-01-02,2
1000,163,32,2026-07-22,3
1001,157,45,2026-03-06,2
1002,290,37,2026-07-13,3
1003,220,11,2026-08-13,3
1004,127,51,2025-09-01,4
1005,142,54,2026-03-28,2
1006,170,57,2026-07-20,4
1007,229,23,2026-07-03,4
1008,283,7,2026-08-28,5
1009,42,54,2026-07-05,2
1010,276,13,2025-12-19,1
1011,39,58,2025-03-09,5
1012,16,53,2026-05-10,5
1013,109,59,2025-11-06,5
1014,134,35,2026-08-05,2
1015,188,26,2025-11-07,5
1016,149,9,2026-08-28,5
1017,262,6,2026-08-23,3
1018,258,1,2025-09-16,5
1019,85,49,2026-07-17,2
1020,229,11,2026-05-31,5
1021,290,43,2026-06-15,4
1022,184,3,2026-06-09,4
1023,119,5,2025-11-19,3
1024,120,3,2026-08-28,2
1025,266,59,2026-05-18,4
1026,241,59,2026-04-25,1
1027,21,42,2026-03-26,1
1028,267,41,2026-08-22,3
1029,297,35,2026-04-22,2
1030,193,42,2026-03-27,3
1031,40,34,2025-10-19,4
1032,115,34,2026-08-15,3
1033,177,32,2026-08-24,5
1034,4,33,2026-07-21,4
1035,85,15,2026-05-22,5
1036,144,14,2025-07-14,2
1037,81,24,2026-05-19,2
1038,213,52,2026-01-09,1
1039,247,44,2026-08-26,4
1040,108,38,2025-08-24,4
1041,12,16,2026-01-02,2
1042,294,38,2026-08-18,2
1043,263,3,2026-08-28,5
1044,76,4,2025-08-14,3
1045,93,34,2026-08-28,5
1046,289,41,2025-11-17,3
1047,44,14,2026-08-01,5
1048,242,56,2026-08-22,2
1049,113,54,2025-11-13,5
1050,74,51,2026-08-14,2
1051,262,17,2026-08-16,3
1052,233,39,2026-07-08,1
1053,118,25,2026-04-13,2
1054,56,2,2026-06-07,5
1055,259,44,2026-04-21,2
1056,50,12,2026-05-19,5
1057,20,57,2026-05-26,5
1058,61,6,2026-07-20,2
1059,277,53,2025-06-27,4
1060,268,27,2025-12-08,1
1061,272,28,2026-02-26,4
1062,196,23,2026-05-26,5
1063,51,28,2026-07-15,3
1064,245,50,2025-12-12,1
1065,146,39,2026-07-14,5
1066,210,17,2025-08-01,1
1067,4,37,2026-08-15,1
1068,267,1,2026-08-26,2
1069,162,27,2026-08-22,1
1070,80,28,2026-08-22,5
1071,130,17,2026-06-27,5
1072,217,37,2026-03-26,5
1073,142,44,2026-04-06,2
1074,212,36,2026-06-20,2
1075,190,36,2026-03-17,4
1076,130,20,2026-02-05,3
1077,204,48,2026-04-19,1
1078,118,29,2025-12-19,1
1079,110,33,2026-08-05,3
1080,282,40,2026-08-19,1
1081,83,25,2026-08-17,1
1082,47,53,2025-06-01,4
1083,223,6,2025-12-07,3
1084,114,24,2025-06-08,5
1085,20,47,2026-03-11,4
1086,267,19,2026-08-15,2
1087,254,29,2025-08-15,2
1088,266,19,2026-04-05,1
1089,262,34,2026-08-18,5
1090,87,44,2026-02-02,3
1091,123,42,2026-03-29,2
1092,45,18,2026-07-07,3
1093,203,26,2026-08-30,5
1094,8,48,2026-07-18,1
1095,47,36,2025-10-22,5
1096,299,23,2026-03-21,3
1097,116,39,2026-01-23,4
1098,207,37,2026-04-12,3
1099,90,27,2026-03-30,1
1100,287,5,2026-07-26,3
1101,175,8,2026-05-02,3
1102,276,53,2025-12-06,4
1103,194,37,2026-06-06,2
1104,174,50,2026-04-20,4
1105,15,31,2026-05-15,3
1106,35,25,2026-08-12,2
1107,162,27,2026-08-22,5
1108,275,1,2026-07-29,3
1109,128,19,2026-02-01,4
1110,176,5,2026-08-24,2
1111,244,21,2026-01-15,2
1112,294,18,2026-08-18,2
1113,256,48,2025-10-28,2
1114,124,56,2025-10-08,2
1115,118,13,2026-02-02,5
1116,183,10,2025-11-04,1
1117,41,44,2026-07-24,5
1118,4,49,2026-08-16,1
1119,247,24,2026-08-28,3
1120,253,58,2026-08-28,5
1121,141,32,2026-01-14,5
1122,144,26,2025-08-20,5
1123,66,4,2026-05-10,4
1124,245,35,2025-08-31,5
1125,178,26,2026-05-27,4
1126,62,45,2026-05-30,4
1127,162,45,2026-08-17,1
1128,108,25,2025-06-23,3
1129,186,40,2026-03-01,2
1130,281,17,2026-02-15,3
1131,242,40,2026-08-13,3
1132,95,32,2026-07-29,2
1133,215,45,2026-08-04,3
1134,187,55,2026-07-03,3
1135,231,12,2026-08-11,2
1136,295,44,2026-01-28,1
1137,139,52,2025-12-20,5
1138,222,55,2026-03-20,2
1139,75,52,2026-04-04,4
1140,5,12,2026-06-24,4
1141,69,58,2026-08-30,5
1142,274,47,2025-09-20,4
1143,154,17,2026-02-19,5
1144,25,26,2025-08-14,2
1145,31,14,2026-08-30,3
1146,244,54,2025-04-26,4
1147,172,17,2026-05-01,3
1148,287,36,2026-03-22,3
1149,11,27,2025-12-13,3
1150,102,37,2026-07-20,5
1151,90,50,2025-12-06,3
1152,167,44,2026-05-17,4
1153,229,57,2026-05-06,4
1154,147,30,2026-01-31,2
1155,173,27,2026-07-27,5
1156,293,26,2025-06-16,1
1157,83,22,2026-07-22,3
1158,163,42,2026-06-11,3
1159,203,18,2026-08-31,3
1160,267,29,2026-08-27,2
1161,95,55,2026-06-07,2
1162,121,43,2025-09-18,1
1163,108,11,2026-04-22,1
1164,49,5,2026-07-02,5
1165,28,2,2026-06-20,5
1166,43,7,2025-10-07,5
1167,80,6,2026-08-23,4
1168,159,15,2026-08-13,3
1169,227,41,2026-04-08,2
1170,270,54,2026-04-15,1
1171,18,43,2026-03-13,3
1172,244,30,2026-07-25,3
1173,281,29,2025-12-25,5
1174,91,38,2026-06-11,5
1175,223,34,2026-08-05,3
1176,178,31,2026-08-29,2
1177,46,29,2026-06-08,3
1178,212,17,2025-07-20,3
1179,6,1,2025-08-23,3
1180,147,31,2026-08-18,1
1181,252,49,2026-03-18,3
1182,5,50,2026-06-27,3
1183,119,51,2025-03-01,5
1184,192,13,2026-08-05,5
1185,224,26,2025-10-25,2
1186,200,54,2026-06-22,2
1187,135,6,2026-04-16,2
1188,265,49,2026-08-15,5
1189,140,19,2026-06-14,5
1190,138,27,2026-06-04,1
1191,94,9,2026-08-04,1
1192,234,40,2026-07-31,3
1193,252,13,2025-12-28,1
1194,78,4,2026-06-12,1
1195,96,7,2025-12-25,3
1196,65,46,2026-04-15,1
1197,120,6,2026-04-17,1
1198,253,14,2026-07-24,4
1199,160,51,2026-08-16,3
1200,238,45,2026-07-20,1
1201,170,6,2025-08-12,1
1202,137,50,2026-06-16,1
1203,279,31,2026-05-20,2
1204,129,53,2026-02-15,1
1205,63,50,2026-06-10,4
1206,227,16,2026-03-15,2
1207,236,48,2025-05-06,5
1208,107,31,2026-04-16,3
1209,166,11,2026-08-31,1
1210,282,34,2025-10-29,3
1211,247,41,2026-08-23,2
1212,185,57,2026-04-09,2
1213,58,16,2026-07-22,4
1214,167,1,2025-11-22,3
1215,300,8,2026-06-15,2
1216,5,3,2026-08-04,4
1217,80,24,2026-03-31,2
1218,81,32,2026-05-12,5
1219,174,60,2025-03-08,1
1220,183,42,2025-11-28,5
1221,55,9,2026-08-19,2
1222,163,36,2026-06-25,4
1223,99,2,2026-03-03,3
1224,69,17,2026-06-16,4
1225,225,36,2026-05-29,5
1226,251,13,2026-07-02,2
1227,279,23,2026-06-07,4
1228,141,56,2026-08-15,5
1229,83,5,2026-08-10,2
1230,231,19,2026-08-27,3
1231,278,24,2026-04-12,1
1232,260,25,2026-01-29,1
1233,187,50,2026-04-11,3
1234,33,43,2026-08-30,4
1235,98,34,2026-08-28,4
1236,283,10,2026-08-31,3
1237,166,27,2026-07-23,1
1238,50,34,2026-07-05,1
1239,23,54,2026-08-27,2
1240,92,56,2025-12-04,2
1241,55,32,2026-08-10,1
1242,17,37,2026-06-19,4
1243,251,34,2026-07-31,5
1244,132,4,2025-12-20,2
1245,37,1,2026-04-07,4
1246,41,30,2025-05-08,3
1247,286,48,2026-05-14,3
1248,30,53,2026-08-13,3
1249,271,3,2026-07-31,1
1250,156,5,2026-04-13,5
1251,50,7,2026-07-22,2
1252,273,25,2026-08-12,2
1253,270,43,2026-05-05,5
1254,92,36,2026-08-30,4
1255,55,50,2026-08-24,5
1256,184,44,2026-07-09,4
1257,54,11,2025-12-04,5
1258,206,33,2026-04-20,2
1259,274,39,2025-11-24,3
1260,162,36,2026-08-22,3
1261,212,49,2026-04-27,3
1262,124,37,2026-07-22,2
1263,193,50,2025-11-20,3
1264,232,29,2026-07-02,1
1265,18,19,2025-03-29,5
1266,70,57,2026-06-20,1
1267,154,15,2025-08-25,3
1268,12,50,2026-05-01,5
1269,262,36,2026-08-29,5
1270,80,7,2026-03-18,4
1271,183,10,2025-11-20,3
1272,188,57,2025-12-04,2
1273,132,52,2025-11-16,1
1274,293,26,2025-11-12,1
1275,167,51,2026-05-03,2
1276,250,53,2026-05-04,5
1277,154,3,2026-05-17,5
1278,196,6,2026-07-14,1
1279,172,23,2026-08-26,4
1280,214,60,2026-08-24,1
1281,117,48,2025-12-23,4
1282,28,20,2026-08-24,1
1283,164,35,2026-05-23,2
1284,168,33,2026-07-15,2
1285,79,4,2026-08-16,4
1286,229,49,2026-08-23,1
1287,114,28,2025-09-24,4
1288,76,9,2026-02-04,1
1289,244,37,2025-03-09,5
1290,205,17,2025-08-18,4
1291,257,28,2026-07-22,2
1292,70,31,2026-07-23,2
1293,250,26,2026-05-30,5
1294,269,16,2026-01-14,1
1295,137,50,2026-06-21,3
1296,295,6,2025-11-29,4
1297,217,24,2026-03-17,2
1298,165,23,2026-04-23,1
1299,157,11,2025-11-06,5
1300,227,40,2026-04-13,4
1301,23,60,2026-07-27,2
1302,103,44,2026-05-14,2
1303,44,8,2026-08-20,1
1304,125,40,2025-08-16,3
1305,8,22,2026-07-13,1
1306,157,29,2026-01-07,1
1307,170,14,2025-10-18,2
1308,280,34,2026-01-05,5
1309,248,40,2026-07-30,1
1310,193,38,2026-08-26,1
1311,131,11,2026-03-08,3
1312,103,51,2026-03-22,1
1313,239,42,2025-10-18,1
1314,199,43,2026-06-16,3
1315,56,2,2026-06-19,4
1316,119,25,2026-07-27,1
1317,162,32,2026-08-30,5
1318,273,6,2026-08-11,2
1319,257,30,2026-05-28,1
1320,21,16,2026-07-10,3
1321,171,32,2026-08-25,2
1322,10,23,2026-05-29,3
1323,182,41,2026-06-09,2
1324,257,18,2026-07-31,1
1325,132,57,2025-12-31,1
1326,285,18,2025-09-25,2
1327,175,58,2026-03-02,2
1328,45,47,2026-06-28,5
1329,117,27,2026-04-20,5
1330,79,28,2026-07-23,5
1331,169,29,2026-08-26,2
1332,106,42,2026-07-13,5
1333,278,44,2025-07-29,2
1334,159,45,2026-08-28,5
1335,70,28,2026-08-19,2
1336,290,59,2026-06-17,3
1337,35,36,2026-08-05,2
1338,163,54,2026-05-05,1
1339,164,57,2026-03-06,4
1340,156,29,2026-08-26,3
1341,78,50,2025-12-17,1
1342,68,12,2025-02-28,5
1343,137,39,2026-07-08,5
1344,119,39,2025-10-17,2
1345,14,23,2026-01-28,4
1346,69,33,2026-08-27,4
1347,192,12,2026-08-03,4
1348,243,9,2026-05-23,2
1349,116,3,2026-05-13,1
1350,139,27,2025-12-13,2
1351,105,5,2026-08-11,4
1352,251,45,2026-02-28,4
1353,127,28,2025-12-04,1
1354,195,47,2026-04-15,4
1355,293,39,2025-05-13,5
1356,56,29,2026-07-10,1
1357,126,34,2026-08-28,4
1358,21,36,2026-04-28,5
1359,26,13,2026-07-02,4
1360,204,57,2026-05-31,3
1361,237,11,2026-02-07,3
1362,28,45,2026-08-20,2
1363,238,54,2026-06-13,4
1364,47,47,2026-05-31,1
1365,93,50,2026-08-31,5
1366,70,26,2026-07-04,3
1367,231,2,2026-07-17,4
1368,104,57,2026-06-24,1
1369,129,21,2026-07-24,2
1370,64,6,2025-10-16,4
1371,186,6,2026-07-15,4
1372,262,40,2026-08-16,4
1373,282,25,2025-09-19,2
1374,172,37,2026-07-16,2
1375,84,56,2025-11-13,2
1376,27,27,2026-08-13,3
1377,229,19,2026-06-01,1
1378,68,13,2025-02-05,5
1379,130,1,2025-12-06,4
1380,256,35,2025-07-20,5
1381,253,16,2026-07-16,5
1382,244,30,2026-03-13,4
1383,41,39,2025-03-13,2
1384,281,18,2026-08-30,5
1385,107,4,2026-01-01,2
1386,29,42,2026-01-25,1
1387,75,55,2026-03-05,5
1388,153,22,2026-01-18,1
1389,56,27,2026-06-04,2
1390,146,40,2026-03-26,5
1391,294,51,2026-08-30,2
1392,234,48,2026-07-08,1
1393,48,50,2025-12-02,3
1394,189,58,2026-03-07,1
1395,219,54,2026-01-27,1
1396,150,31,2025-07-02,1
1397,141,22,2026-07-09,4
1398,269,14,2025-12-28,5
1399,30,7,2026-07-21,5
1400,45,31,2026-05-11,4
1401,163,17,2026-08-10,5
1402,182,60,2026-05-18,5
1403,289,32,2026-08-01,4
1404,253,52,2026-07-14,5
1405,120,46,2026-05-23,2
1406,1,8,2025-05-07,4
1407,61,48,2026-03-02,5
1408,213,27,2025-08-16,3
1409,180,36,2026-08-21,2
1410,6,41,2025-10-29,3
1411,131,51,2026-03-10,3
1412,154,33,2026-02-13,3
1413,4,8,2026-08-25,3
1414,175,26,2026-08-18,5
1415,15,54,2026-05-30,2
1416,170,54,2026-02-25,4
1417,243,52,2026-05-07,2
1418,247,10,2026-08-29,4
1419,275,58,2026-01-23,4
1420,212,60,2025-04-09,5
1421,154,37,2026-05-14,3
1422,285,35,2025-06-11,2
1423,296,44,2026-06-08,3
1424,34,10,2025-10-13,1
1425,174,25,2026-07-07,2
1426,293,39,2026-05-07,2
1427,60,56,2026-08-26,3
1428,162,46,2026-08-17,3
1429,212,6,2026-07-04,2
1430,191,29,2026-05-17,2
1431,269,20,2025-12-10,1
1432,192,51,2026-07-12,2
1433,48,29,2026-03-18,1
1434,248,58,2026-08-22,2
1435,98,22,2026-08-22,5
1436,159,50,2026-08-16,2
1437,51,53,2026-07-14,2
1438,19,30,2026-03-08,5
1439,60,1,2026-07-26,1
1440,45,22,2026-08-11,1
1441,53,34,2026-05-22,3
1442,12,37,2026-05-19,2
1443,165,13,2025-09-29,3
1444,142,35,2026-03-17,4
1445,61,18,2026-01-31,2
1446,141,8,2025-10-20,5
1447,287,33,2026-01-02,2
1448,278,23,2026-07-19,3
1449,139,10,2026-08-17,3
1450,294,16,2026-08-18,1
1451,160,40,2026-08-06,5
1452,228,4,2026-04-22,1
1453,242,58,2026-07-26,1
1454,197,4,2026-03-28,4
1455,201,12,2026-06-14,5
1456,229,40,2026-07-16,3
1457,171,53,2026-08-19,5
1458,41,60,2026-06-26,5
1459,68,6,2026-05-27,1
1460,234,20,2026-08-04,4
1461,119,15,2025-07-19,5
1462,133,59,2026-02-02,4
1463,94,45,2026-08-09,3
1464,233,32,2025-09-24,1
1465,244,8,2026-01-12,4
1466,237,55,2025-10-01,3
1467,179,39,2026-07-14,5
1468,53,26,2026-06-17,1
1469,167,36,2026-07-27,1
1470,155,35,2026-07-07,4
1471,212,16,2025-10-18,5
1472,82,31,2026-07-06,1
1473,175,14,2026-08-03,5
1474,221,51,2026-03-02,5
1475,176,35,2026-07-15,2
1476,40,48,2026-06-12,5
1477,250,8,2026-08-06,3
1478,285,7,2026-07-27,4
1479,91,20,2026-04-20,1
1480,56,44,2026-08-25,5
1481,195,21,2026-05-31,1
1482,47,14,2025-05-26,5
1483,1,49,2025-07-09,2
1484,232,35,2026-06-05,4
1485,296,29,2026-05-22,2
1486,163,20,2026-08-21,3
1487,223,46,2026-04-30,1
1488,299,1,2026-05-28,5
1489,207,55,2026-05-13,3
1490,32,24,2026-08-05,1
1491,1,46,2026-02-05,3
1492,57,56,2025-09-30,1
1493,121,28,2026-08-31,4
1494,163,46,2026-07-04,4
1495,196,28,2026-05-15,2
1496,89,31,2026-04-14,2
1497,285,25,2026-08-07,3
1498,214,10,2025-10-31,2
1499,69,1,2026-06-20,1
1500,74,47,2026-07-20,4
1501,70,6,2026-05-30,4
1502,234,58,2026-07-24,5
1503,93,30,2026-08-30,4
1504,283,53,2026-08-30,4
1505,182,15,2026-05-25,4
1506,4,37,2026-08-13,2
1507,257,18,2026-04-20,5
1508,296,24,2026-05-01,1
1509,291,31,2026-04-05,1
1510,298,31,2026-08-15,1
1511,73,47,2026-01-18,4
1512,265,6,2026-07-10,5
1513,46,16,2026-07-20,1
1514,277,52,2026-04-19,3
1515,28,58,2026-05-23,5
1516,6,31,2026-07-14,5
1517,241,37,2026-02-21,4
1518,181,52,2026-06-16,3
1519,86,3,2026-08-11,5
1520,156,47,2026-07-11,3
1521,32,41,2026-07-26,5
1522,87,37,2026-02-06,3
1523,14,19,2026-08-24,1
1524,65,33,2025-04-10,3
1525,130,9,2026-02-25,3
1526,141,55,2026-02-21,1
1527,58,39,2026-05-24,5
1528,78,43,2026-04-28,3
1529,90,17,2026-08-18,2
1530,249,12,2026-08-20,1
1531,176,6,2026-07-03,5
1532,79,54,2026-08-04,4
1533,197,16,2026-08-22,4
1534,86,14,2026-07-12,3
1535,28,42,2026-04-13,1
1536,27,11,2026-08-23,4
1537,244,20,2026-05-20,5
1538,120,25,2026-08-31,4
1539,243,17,2026-05-21,5
1540,223,1,2026-04-01,4
1541,196,44,2026-03-17,5
1542,22,7,2026-08-31,5
1543,182,55,2026-06-26,5
1544,140,22,2025-12-02,3
1545,51,17,2026-08-17,4
1546,124,47,2025-07-28,5
1547,173,44,2026-08-26,2
1548,161,36,2025-10-26,1
1549,35,1,2026-08-24,1
1550,269,7,2026-08-28,4
1551,180,15,2026-07-07,3
1552,99,3,2025-03-06,5
1553,48,4,2026-05-02,2
1554,63,46,2026-05-08,1
1555,67,25,2025-09-07,1
1556,95,17,2026-07-12,4
1557,39,41,2026-05-28,3
1558,219,45,2026-07-27,3
1559,132,11,2026-07-20,1
1560,142,50,2026-01-10,4
1561,199,22,2026-05-20,3
1562,136,12,2025-12-02,1
1563,252,60,2025-10-27,5
1564,202,12,2026-08-11,4
1565,56,10,2026-07-21,4
1566,112,40,2026-07-28,4
1567,133,7,2025-03-02,1
1568,37,37,2026-08-18,3
1569,229,2,2026-08-21,2
1570,1,60,2025-05-14,4
1571,137,10,2026-07-25,3
1572,201,37,2025-06-20,5
1573,252,31,2026-02-25,4
1574,36,35,2026-08-25,1
1575,197,45,2026-07-07,1
1576,291,35,2026-03-26,3
1577,156,26,2026-03-03,1
1578,188,35,2026-03-07,1
1579,236,49,2025-11-22,2
1580,91,36,2025-04-10,4
1581,98,20,2026-08-29,4
1582,55,41,2026-08-26,3
1583,250,6,2026-07-31,2
1584,72,3,2026-05-24,1
1585,123,32,2026-07-06,1
1586,277,42,2025-12-01,4
1587,274,54,2026-06-01,4
1588,9,3,2026-06-30,1
1589,173,51,2025-09-28,4
1590,61,14,2026-08-10,4
1591,275,10,2026-08-19,5
1592,120,60,2026-03-28,1
1593,73,32,2025-04-26,4
1594,24,16,2026-08-29,2
1595,8,12,2026-06-11,1
1596,158,53,2026-08-15,1
1597,234,40,2026-05-20,5
1598,33,53,2026-05-12,1
1599,255,39,2026-08-31,2
1600,33,52,2026-06-05,4
1601,173,52,2026-08-20,4
1602,167,8,2026-08-14,5
1603,280,9,2026-02-06,2
1604,24,38,2025-12-28,3
1605,33,8,2026-06-24,2
1606,213,11,2026-07-15,3
1607,284,11,2025-12-08,2
1608,298,3,2026-06-05,1
1609,193,50,2025-08-13,1
1610,250,6,2026-04-11,1
1611,92,60,2026-01-02,5
1612,146,27,2026-04-12,4
1613,65,14,2025-06-17,3
1614,268,29,2025-12-29,2
1615,90,40,2026-07-03,1
1616,93,46,2026-08-29,5
1617,46,41,2026-06-07,3
1618,215,1,2026-07-10,2
1619,99,8,2026-08-06,1
1620,186,56,2026-07-23,5
1621,113,30,2026-05-16,2
1622,142,4,2026-02-13,1
1623,77,44,2026-06-18,4
1624,91,11,2025-04-14,1
1625,187,19,2026-03-27,4
1626,129,22,2026-06-15,4
1627,23,7,2026-07-07,1
1628,276,12,2025-09-02,1
1629,249,33,2026-07-25,1
1630,121,47,2026-04-04,5
1631,297,21,2026-02-04,2
1632,167,15,2025-10-24,3
1633,117,7,2026-04-18,4
1634,103,25,2026-02-24,1
1635,242,38,2026-08-23,1
1636,224,10,2025-09-21,5
1637,233,12,2026-03-26,3
1638,70,30,2026-08-13,2
1639,184,18,2026-06-06,3
1640,66,3,2026-08-03,5
1641,31,18,2026-08-08,1
1642,239,30,2026-05-16,2
1643,176,15,2026-07-22,5
1644,81,51,2026-06-01,5
1645,284,55,2025-08-23,1
1646,211,55,2026-05-12,4
1647,111,38,2026-08-25,4
1648,143,1,2026-08-19,4
1649,127,16,2025-10-25,4
1650,297,15,2026-05-03,2
1651,294,58,2026-08-13,4
1652,23,3,2026-04-29,5
1653,18,28,2026-04-20,4
1654,51,29,2026-08-30,2
1655,43,36,2025-01-24,4
1656,112,9,2026-08-13,3
1657,123,42,2026-04-21,1
1658,246,43,2026-02-10,2
1659,236,55,2025-02-23,4
1660,238,50,2026-02-03,4
1661,95,51,2026-07-22,4
1662,1,56,2026-03-12,1
1663,198,58,2026-08-01,3
1664,272,3,2026-04-01,4
1665,139,45,2026-07-01,5
1666,295,51,2026-01-17,1
1667,172,48,2026-02-12,5
1668,187,57,2026-01-05,1
1669,197,24,2026-07-03,5
1670,21,24,2026-04-17,2
1671,287,46,2025-12-15,5
1672,105,9,2026-08-21,2
1673,277,8,2026-05-25,4
1674,298,56,2026-08-16,2
1675,116,21,2026-04-14,3
1676,258,44,2026-03-24,3
1677,28,5,2026-06-07,3
1678,232,32,2026-07-29,5
1679,63,31,2026-08-22,5
1680,150,29,2026-02-26,1
1681,97,58,2026-04-20,1
1682,42,26,2026-06-09,3
1683,40,7,2025-09-05,3
1684,58,45,2026-05-20,4
1685,78,56,2025-12-25,5
1686,12,19,2026-07-12,5
1687,68,31,2026-01-23,4
1688,228,48,2026-03-25,3
1689,97,5,2025-09-09,2
1690,267,42,2026-08-24,4
1691,297,22,2026-06-05,3
1692,249,38,2026-08-29,5
1693,281,29,2026-06-08,3
1694,291,9,2026-01-31,2
1695,134,15,2026-08-11,3
1696,148,50,2026-06-14,2
1697,181,19,2026-07-27,2
1698,83,46,2026-08-11,3
1699,94,12,2026-07-17,2
1700,122,8,2025-10-17,3
1701,295,9,2026-05-16,3
1702,190,12,2025-09-19,5
1703,18,43,2026-01-31,3
1704,76,24,2026-05-30,5
1705,84,35,2026-02-01,1
1706,13,26,2026-06-01,2
1707,235,60,2026-08-17,2
1708,3,48,2026-02-26,5
1709,170,42,2026-01-12,4
1710,149,49,2026-08-18,5
1711,227,22,2026-08-30,1
1712,246,58,2025-09-27,2
1713,283,8,2026-08-29,1
1714,206,40,2026-08-27,2
1715,229,23,2026-05-09,3
1716,29,39,2025-08-20,5
1717,270,15,2026-05-13,2
1718,12,6,2026-07-27,1
1719,263,26,2026-05-30,4
1720,163,39,2026-08-30,5
1721,29,59,2026-02-06,4
1722,76,46,2026-05-08,3
1723,198,24,2025-08-19,3
1724,177,23,2026-08-13,4
1725,288,6,2025-08-26,4
1726,213,52,2026-03-07,3
1727,84,52,2026-04-05,4
1728,72,54,2026-07-14,5
1729,45,10,2026-03-31,3
1730,244,56,2026-07-09,3
1731,34,60,2026-03-21,4
1732,46,1,2026-07-04,3
1733,213,12,2026-05-04,4
1734,291,49,2025-08-11,2
1735,96,54,2026-04-06,3
1736,284,32,2025-05-19,3
1737,300,20,2026-08-04,5
1738,238,15,2026-01-05,1
1739,79,17,2026-07-23,4
1740,64,42,2026-07-25,3
1741,214,12,2026-02-12,2
1742,15,8,2026-06-25,4
1743,35,39,2026-08-21,5
1744,247,37,2026-08-25,3
1745,244,45,2025-05-20,3
1746,263,47,2026-07-18,1
1747,133,11,2025-03-26,2
1748,164,30,2026-07-27,2
1749,183,11,2025-10-08,3
1750,185,27,2026-06-26,1
1751,149,19,2026-08-30,1
1752,264,13,2026-08-04,2
1753,49,39,2026-01-26,5
1754,166,56,2026-07-22,3
1755,139,44,2026-08-14,3
1756,50,35,2026-06-15,3
1757,74,1,2026-04-22,5
1758,145,24,2026-08-30,4
1759,211,22,2025-11-09,1
1760,112,10,2026-08-23,2
1761,97,51,2026-06-11,5
1762,270,55,2026-07-17,5
1763,59,27,2026-08-22,1
1764,60,53,2026-07-15,1
1765,246,23,2026-02-13,3
1766,72,53,2026-06-25,5
1767,268,49,2025-11-24,2
1768,156,2,2026-08-26,1
1769,114,9,2026-07-11,2
1770,117,20,2026-02-20,2
1771,67,6,2026-05-11,1
1772,40,2,2026-07-14,4
1773,221,3,2025-10-31,1
1774,17,51,2026-06-23,5
1775,31,31,2026-08-07,3
1776,23,5,2026-03-17,1
1777,50,51,2026-02-18,5
1778,106,38,2026-08-31,2
1779,95,43,2026-07-19,1
1780,47,10,2025-10-15,5
1781,179,23,2026-07-18,5
1782,124,33,2026-08-16,1
1783,51,53,2026-06-29,5
1784,112,46,2026-08-03,3
1785,88,58,2026-07-01,1
1786,51,60,2026-07-25,5
1787,244,24,2025-07-26,4
1788,55,12,2026-08-30,3
1789,195,28,2026-03-20,5
1790,117,27,2026-02-13,3
1791,64,30,2025-10-14,5
1792,70,32,2026-08-18,3
1793,148,36,2026-06-13,1
1794,168,32,2025-09-20,4
1795,146,30,2026-02-23,3
1796,228,15,2026-08-08,4
1797,149,55,2026-08-27,2
1798,36,58,2026-08-29,3
1799,92,1,2026-07-27,1
1800,203,29,2026-08-30,1
1801,74,26,2026-06-28,5
1802,53,48,2026-08-11,2
1803,34,24,2025-09-01,3
1804,103,39,2026-05-29,1
1805,120,54,2026-06-26,4
1806,143,49,2026-08-18,5
1807,140,49,2026-08-25,4
1808,183,31,2026-08-18,5
1809,208,32,2026-06-03,3
1810,76,50,2026-06-05,1
1811,63,17,2026-08-11,4
1812,119,41,2025-07-09,1
1813,51,48,2026-07-04,1
1814,256,44,2025-07-31,2
1815,196,39,2026-06-18,3
1816,79,20,2026-08-12,5
1817,50,49,2026-02-06,5
1818,253,51,2026-08-01,2
1819,151,43,2026-08-19,4
1820,259,17,2026-08-25,3
1821,277,35,2025-07-06,1
1822,221,57,2025-09-21,4
1823,231,21,2026-08-29,4
1824,227,30,2026-03-16,1
1825,91,36,2026-01-05,2
1826,252,28,2025-09-23,3
1827,200,32,2026-02-05,5
1828,252,43,2026-04-26,5
1829,293,31,2026-08-04,5
1830,81,33,2026-05-03,4
1831,135,32,2026-07-11,4
1832,181,50,2026-06-13,3
1833,32,2,2026-08-10,1
1834,66,54,2026-02-17,3
1835,299,2,2026-07-06,3
1836,195,7,2026-05-14,3
1837,183,27,2026-03-09,1
1838,126,16,2026-08-23,3
1839,44,59,2026-08-17,1
1840,157,8,2025-10-30,2
1841,11,35,2026-03-27,1
1842,236,43,2026-04-07,5
1843,264,58,2026-02-08,3
1844,11,45,2026-06-09,5
1845,12,21,2026-06-22,5
1846,200,21,2026-01-30,4
1847,52,45,2026-03-13,3
1848,255,33,2026-08-29,2
1849,154,24,2025-12-17,2
1850,255,41,2026-08-27,5
1851,110,19,2026-07-27,1
1852,153,37,2026-06-28,2
1853,48,46,2026-04-24,1
1854,173,18,2025-10-11,5
1855,272,31,2026-06-07,2
1856,178,51,2026-05-02,3
1857,259,52,2025-12-20,4
1858,277,21,2025-10-07,4
1859,206,17,2026-07-02,5
1860,233,43,2026-06-16,2
1861,10,41,2026-06-08,5
1862,96,37,2026-08-05,2
1863,240,18,2026-07-10,5
1864,223,60,2026-08-21,1
1865,268,13,2025-12-05,4
1866,76,16,2025-07-29,3
1867,223,27,2026-04-17,1
1868,105,55,2026-08-26,3
1869,147,42,2026-02-08,3
1870,121,26,2025-09-05,1
1871,77,13,2026-02-24,2
1872,159,30,2026-08-21,5
1873,224,28,2025-03-21,2
1874,82,18,2026-05-03,1
1875,133,51,2025-11-06,5
1876,91,42,2025-04-13,4
1877,11,4,2025-11-23,3
1878,153,56,2026-01-06,4
1879,187,43,2026-01-25,4
1880,72,16,2026-05-14,5
1881,257,60,2026-02-04,5
1882,298,50,2026-07-25,3
1883,255,57,2026-08-27,2
1884,63,50,2026-06-27,3
1885,300,48,2026-06-12,2
1886,217,14,2025-12-02,1
1887,90,14,2025-12-01,4
1888,210,17,2025-03-18,4
1889,274,24,2026-04-05,1
1890,163,35,2026-07-15,4
1891,127,18,2026-08-04,2
1892,186,31,2026-04-26,3
1893,11,42,2026-08-18,1
1894,28,45,2026-03-31,3
1895,283,25,2026-08-29,3
1896,63,35,2026-06-07,4
1897,199,1,2026-07-02,3
1898,155,6,2026-03-13,3
1899,108,56,2025-08-23,4
1900,163,57,2026-07-11,1
1901,141,56,2025-11-23,4
1902,242,48,2026-08-18,3
1903,217,57,2025-11-10,2
1904,134,33,2026-01-09,3
1905,216,39,2026-08-20,5
1906,168,30,2026-07-13,1
1907,27,42,2026-08-05,4
1908,70,1,2026-07-03,2
1909,157,21,2026-03-01,1
1910,57,11,2025-09-13,5
1911,67,55,2026-04-26,3
1912,232,31,2026-04-26,3
1913,89,44,2026-08-08,3
1914,145,13,2026-08-19,4
1915,189,12,2026-03-14,4
1916,293,15,2025-04-25,1
1917,286,42,2025-11-04,1
1918,237,13,2025-11-17,2
1919,26,26,2026-08-06,5
1920,134,10,2026-01-21,3
1921,88,37,2025-11-28,1
1922,270,28,2026-06-27,4
1923,61,15,2026-02-28,2
1924,137,19,2026-07-31,4
1925,196,9,2026-04-16,2
1926,111,53,2026-08-01,2
1927,215,12,2026-06-21,2
1928,15,19,2026-06-22,2
1929,231,59,2026-07-21,3
1930,299,44,2026-06-06,4
1931,44,1,2026-08-03,2
1932,166,45,2026-08-01,2
1933,197,46,2026-06-22,5
1934,132,5,2025-08-03,5
1935,31,4,2026-08-14,2
1936,242,59,2026-08-14,5
1937,24,1,2026-02-07,5
1938,196,20,2026-04-07,3
1939,68,58,2026-08-28,1
1940,298,12,2026-06-21,2
1941,258,32,2025-12-28,4
1942,68,6,2025-12-23,5
1943,222,10,2026-01-17,1
1944,161,3,2025-12-25,4
1945,144,48,2025-10-30,4
1946,145,58,2026-08-22,5
1947,136,34,2025-09-28,4
1948,85,21,2026-08-15,4
1949,78,36,2026-08-14,4
1950,28,13,2026-02-13,1
1951,118,12,2025-10-16,4
1952,134,11,2026-08-03,4
1953,60,58,2026-08-07,1
1954,227,23,2026-07-28,4
1955,235,32,2026-08-10,2
1956,64,23,2025-10-05,2
1957,146,12,2026-06-23,2
1958,261,53,2026-06-21,5
1959,300,14,2025-11-27,5
1960,293,12,2026-06-04,1
1961,127,50,2026-01-21,1
1962,169,2,2025-12-05,1
1963,202,24,2026-08-07,1
1964,166,10,2026-06-15,1
1965,236,54,2026-06-05,4
1966,138,39,2026-04-18,3
1967,23,42,2026-06-07,4
1968,167,47,2026-06-16,2
1969,109,56,2025-11-12,3
1970,166,52,2026-06-19,1
1971,281,39,2026-04-30,1
1972,205,17,2025-10-05,2
1973,205,6,2025-07-16,2
1974,84,25,2026-03-25,3
1975,79,8,2026-07-23,4
1976,222,48,2026-02-11,5
1977,68,23,2025-05-11,3
1978,263,13,2026-07-07,4
1979,199,31,2026-06-16,5
1980,217,6,2026-04-24,3
1981,96,28,2026-05-22,1
1982,21,33,2026-04-04,4
1983,115,42,2026-07-30,4
1984,270,41,2026-08-15,5
1985,43,19,2026-05-06,4
1986,41,59,2026-07-09,3
1987,77,9,2026-08-11,3
1988,128,34,2026-04-28,3
1989,292,4,2026-01-05,1
1990,263,7,2026-07-10,4
1991,212,7,2026-06-01,5
1992,130,23,2025-08-24,5
1993,42,50,2026-08-31,1
1994,59,48,2026-08-23,2
1995,94,54,2026-08-17,1
1996,43,27,2025-11-12,3
1997,233,49,2026-08-18,4
1998,136,22,2026-08-28,2
1999,109,12,2025-11-28,5
2000,133,56,2025-05-14,4
2001,274,2,2025-04-14,4
2002,60,1,2026-07-17,4
2003,236,45,2026-03-20,5
2004,250,20,2026-07-11,4
2005,155,6,2026-01-16,2
2006,8,13,2025-09-18,1
2007,97,55,2025-09-11,2
2008,247,42,2026-08-21,2
2009,224,54,2026-08-17,2
2010,45,20,2026-08-09,2
2011,243,28,2026-05-05,1
2012,86,58,2026-03-26,4
2013,249,31,2026-07-19,4
2014,300,16,2026-03-08,3
2015,292,54,2026-06-15,1
2016,171,1,2026-08-16,4
2017,213,55,2026-04-03,5
2018,284,19,2025-05-16,4
2019,205,32,2026-03-25,5
2020,250,15,2026-04-25,5
2021,10,28,2026-04-04,3
2022,284,5,2025-09-12,4
2023,243,8,2026-07-05,5
2024,178,29,2026-08-02,1
2025,83,19,2026-08-23,2
2026,241,23,2026-04-17,2
2027,260,15,2026-08-23,3
2028,240,9,2025-11-07,4
2029,214,54,2026-05-16,3
2030,242,52,2026-08-02,5
2031,107,19,2025-11-12,4
2032,67,12,2025-09-22,2
2033,252,7,2026-08-27,4
2034,253,20,2026-07-18,2
2035,286,4,2025-04-02,3
2036,134,23,2026-02-26,2
2037,258,3,2025-03-21,3
2038,221,8,2026-06-04,2
2039,62,36,2026-03-16,4
2040,133,22,2026-01-24,1
2041,286,18,2025-08-16,5
2042,54,46,2025-09-28,4
2043,235,54,2026-08-31,1
2044,55,51,2026-08-23,5
2045,53,53,2026-02-06,1
2046,260,7,2026-01-20,1
2047,106,59,2026-07-28,2
2048,150,46,2026-05-13,5
2049,256,47,2025-09-06,2
2050,187,22,2026-02-18,1
2051,104,29,2026-05-15,1
2052,126,54,2026-08-27,3
2053,147,33,2026-02-13,1
2054,137,24,2026-07-27,4
2055,185,41,2026-05-28,2
2056,272,27,2026-02-25,2
2057,220,27,2026-08-26,4
2058,265,51,2026-07-31,3
2059,16,29,2025-08-18,1
2060,265,5,2026-05-15,3
2061,162,26,2026-08-29,2
2062,223,4,2026-05-25,1
2063,78,58,2026-07-03,1
2064,267,19,2026-08-27,4
2065,284,56,2025-09-30,3
2066,177,1,2026-08-11,5
2067,76,45,2026-04-14,4
2068,106,57,2026-08-08,5
2069,227,45,2026-06-03,4
2070,102,57,2026-03-02,1
2071,19,35,2026-02-09,4
2072,65,34,2026-07-29,3
2073,110,6,2026-08-12,5
2074,160,34,2026-08-06,2
2075,12,2,2026-04-22,2
2076,156,47,2026-06-05,5
2077,57,47,2025-06-08,3
2078,133,41,2026-06-29,3
2079,64,4,2026-07-18,1
2080,230,20,2026-04-19,1
2081,233,22,2026-01-07,5
2082,290,46,2026-08-16,5
2083,120,23,2026-05-25,3
2084,294,44,2026-08-17,4
2085,267,48,2026-08-21,1
2086,168,34,2026-05-17,2
2087,185,30,2026-04-21,2
2088,218,54,2025-11-24,1
2089,48,4,2026-02-04,2
2090,244,14,2026-04-19,1
2091,190,44,2026-03-02,4
2092,287,34,2026-06-01,3
2093,300,32,2026-06-29,4
2094,251,47,2026-04-16,2
2095,74,33,2026-04-19,4
2096,235,9,2026-08-29,5
2097,271,8,2026-07-21,2
2098,234,31,2026-04-15,2
2099,287,24,2026-01-10,5
2100,210,8,2025-05-23,3
2101,293,19,2025-05-15,5
2102,79,8,2026-07-27,3
2103,192,20,2026-07-28,4
2104,15,51,2026-05-22,2
2105,216,4,2026-01-15,3
2106,111,12,2026-08-27,1
2107,63,36,2026-07-06,1
2108,23,27,2026-05-02,5
2109,159,37,2026-08-20,3
2110,194,31,2026-08-06,5
2111,68,49,2025-06-23,5
2112,236,49,2026-05-05,4
2113,77,56,2026-08-22,3
2114,46,52,2026-08-28,5
2115,210,25,2025-09-15,4
2116,174,35,2025-02-21,4
2117,143,42,2026-07-09,2
2118,13,37,2026-07-05,3
2119,288,42,2025-07-10,5
2120,44,13,2026-08-12,5
2121,296,49,2026-05-03,5
2122,268,13,2026-06-21,4
2123,258,58,2025-02-03,1
2124,273,12,2026-08-06,3
2125,106,16,2026-08-27,5
2126,228,6,2026-08-03,5
2127,165,26,2026-04-20,1
2128,252,56,2025-07-28,3
2129,224,12,2026-04-12,1
2130,271,21,2026-05-02,3
2131,47,8,2025-04-15,5
2132,87,19,2026-03-01,2
2133,131,50,2026-03-15,2
2134,158,27,2026-07-16,2
2135,31,40,2026-08-14,2
2136,14,46,2026-01-17,3
2137,200,7,2026-05-23,2
2138,212,58,2026-01-08,3
2139,193,53,2025-07-06,1
2140,104,16,2025-11-13,4
2141,261,49,2026-07-21,4
2142,59,18,2026-07-02,3
2143,238,36,2026-04-13,1
2144,248,2,2026-08-16,2
2145,10,18,2026-03-23,5
2146,52,16,2026-01-31,3
2147,291,27,2026-06-23,1
2148,257,14,2026-07-24,2
2149,192,35,2026-07-20,2
2150,276,28,2026-06-30,1
2151,1,53,2025-12-18,5
2152,149,42,2026-08-19,1
2153,31,60,2026-08-19,3
2154,129,54,2026-07-18,4
2155,180,54,2026-08-20,2
2156,300,54,2026-08-13,3
2157,24,11,2026-07-01,5
2158,36,20,2026-08-23,4
2159,63,54,2026-05-13,5
2160,144,57,2025-12-06,2
2161,259,52,2026-01-07,3
2162,134,49,2026-07-26,3
2163,126,43,2026-08-25,3
2164,108,30,2026-02-11,1
2165,69,42,2026-06-11,5
2166,244,1,2025-01-27,2
2167,212,36,2026-06-26,4
2168,276,6,2025-06-12,5
2169,16,58,2026-06-20,1
2170,181,53,2026-07-07,5
2171,184,25,2026-06-03,1
2172,64,30,2026-02-24,2
2173,228,1,2026-05-15,1
2174,144,44,2026-08-13,3
2175,99,6,2025-12-17,2
2176,120,32,2026-06-10,1
2177,144,32,2026-08-05,5
2178,108,1,2025-09-28,4
2179,57,56,2025-09-28,5
2180,257,32,2026-02-17,5
2181,100,43,2026-08-30,5
2182,290,12,2026-06-05,5
2183,66,48,2025-09-16,2
2184,133,60,2025-09-16,5
2185,141,13,2025-10-24,5
2186,130,44,2026-01-27,4
2187,2,28,2025-11-04,3
2188,222,55,2026-04-02,3
2189,63,44,2026-08-18,4
2190,254,24,2026-05-01,1
2191,115,4,2026-08-07,4
2192,273,29,2026-08-16,1
2193,201,13,2025-12-07,1
2194,293,52,2025-04-29,2
2195,217,5,2026-01-25,2
2196,85,22,2026-06-21,1
2197,50,2,2026-05-20,4
2198,13,38,2026-08-17,3
2199,129,16,2025-09-28,4
2200,123,22,2026-04-11,3
2201,267,51,2026-08-21,1
2202,225,49,2026-04-08,4
2203,297,8,2025-08-17,1
2204,18,25,2026-01-27,1
2205,66,4,2026-03-28,1
2206,155,40,2026-06-22,1
2207,53,44,2025-05-23,5
2208,27,19,2026-08-18,4
2209,50,40,2026-07-29,4
2210,120,56,2026-08-10,5
2211,6,30,2026-05-04,4
2212,220,57,2026-08-16,3
2213,14,30,2026-06-05,5
2214,99,7,2025-05-26,1
2215,35,38,2026-08-10,5
2216,65,41,2026-06-27,3
2217,182,27,2026-07-02,5
2218,228,12,2026-05-21,2
2219,23,4,2026-01-31,3
2220,300,28,2026-08-14,3
2221,160,38,2026-08-19,2
2222,76,31,2026-01-07,5
2223,176,19,2026-08-01,1
2224,266,38,2026-08-02,2
2225,30,16,2026-06-18,5
2226,28,28,2026-05-24,2
2227,103,41,2026-02-15,1
2228,175,13,2026-07-20,4
2229,240,39,2025-12-16,5
2230,290,22,2026-08-14,3
2231,215,22,2026-05-20,1
2232,233,57,2025-09-30,4
2233,113,59,2025-04-18,2
2234,118,30,2026-08-13,2
2235,123,31,2026-06-21,4
2236,106,26,2026-07-16,1
2237,186,1,2025-11-26,3
2238,16,36,2025-07-17,2
2239,149,29,2026-08-20,5
2240,185,3,2026-04-03,2
2241,102,19,2025-12-27,2
2242,135,47,2025-12-10,3
2243,284,16,2025-07-28,2
2244,12,12,2026-04-24,1
2245,11,54,2025-12-21,4
2246,57,22,2026-08-31,2
2247,157,30,2025-09-10,3
2248,191,43,2026-04-13,5
2249,223,57,2025-12-08,1
2250,74,57,2026-04-20,2
2251,99,35,2026-03-04,3
2252,163,39,2026-07-16,2
2253,24,49,2026-08-12,5
2254,97,55,2026-05-30,3
2255,77,21,2026-04-21,1
2256,144,56,2025-07-02,5
2257,300,57,2026-08-02,2
2258,42,51,2026-08-23,5
2259,34,11,2026-02-07,4
2260,261,24,2026-07-20,5
2261,238,12,2026-03-22,3
2262,270,45,2026-07-04,4
2263,243,18,2026-07-16,4
2264,299,42,2026-01-01,2
2265,113,58,2025-07-29,4
2266,121,26,2025-08-15,3
2267,218,57,2025-11-07,5
2268,81,60,2026-07-23,3
2269,282,6,2025-11-04,1
2270,152,29,2026-07-28,3
2271,118,38,2025-10-19,4
2272,263,40,2026-06-18,4
2273,231,30,2026-08-02,4
2274,189,52,2026-05-06,3
2275,140,25,2025-07-29,2
2276,227,15,2026-05-13,1
2277,184,58,2026-05-22,3
2278,257,33,2026-05-24,1
2279,142,60,2026-02-22,1
2280,61,5,2026-05-19,1
2281,280,13,2026-02-12,2
2282,169,17,2025-12-23,3
2283,98,46,2026-08-26,2
2284,279,59,2026-05-30,1
2285,154,19,2026-07-03,3
2286,207,26,2026-04-14,4
2287,263,49,2026-05-25,4
2288,117,15,2026-04-04,4
2289,120,34,2026-08-07,5
2290,240,47,2026-04-28,3
2291,44,21,2026-08-27,2
2292,220,50,2026-08-26,2
2293,225,29,2026-08-04,1
2294,192,9,2026-08-15,2
2295,157,48,2025-05-15,4
2296,182,22,2026-05-30,4
2297,218,44,2026-05-18,4
2298,276,20,2026-02-21,5
2299,12,37,2025-12-27,2
2300,79,22,2026-08-09,5
2301,294,56,2026-08-25,4
2302,105,26,2026-08-04,5
2303,198,13,2026-04-13,1
2304,169,37,2026-05-25,3
2305,48,11,2025-08-24,5
2306,91,3,2026-07-14,1
2307,96,13,2025-05-22,4
2308,146,14,2025-08-19,3
2309,269,5,2026-05-02,1
2310,189,34,2025-08-30,2
2311,168,56,2026-02-18,4
2312,81,8,2026-05-22,5
2313,215,31,2026-08-03,1
2314,200,58,2026-03-26,2
2315,106,20,2026-08-01,4
2316,82,39,2026-08-24,3
2317,104,33,2026-06-28,3
2318,104,1,2025-08-09,4
2319,33,53,2026-07-26,5
2320,127,34,2025-10-26,5
2321,252,30,2026-03-10,5
2322,21,48,2025-11-27,3
2323,234,23,2026-06-22,4
2324,90,27,2025-11-18,2
2325,222,30,2026-03-21,2
2326,292,7,2026-06-16,1
2327,123,57,2026-05-08,3
2328,276,19,2025-06-01,2
2329,253,27,2026-08-20,5
2330,63,24,2026-04-27,1
2331,259,50,2026-01-15,4
2332,231,11,2026-07-22,2
2333,260,3,2026-06-20,1
2334,38,41,2026-05-12,4
2335,196,22,2026-07-05,4
2336,100,26,2026-08-21,1
2337,129,8,2026-08-02,2
2338,168,43,2026-08-10,4
2339,249,30,2026-07-22,1
2340,281,43,2026-02-18,4
2341,72,31,2026-08-13,3
2342,83,11,2026-08-30,1
2343,52,12,2026-04-27,1
2344,274,48,2025-10-29,2
2345,40,43,2026-07-08,1
2346,140,10,2026-02-27,3
2347,92,14,2025-12-05,5
2348,111,29,2026-07-02,5
2349,53,25,2026-04-13,3
2350,228,4,2026-08-20,1
2351,25,50,2026-01-04,2
2352,128,24,2026-08-29,2
2353,103,6,2025-11-12,4
2354,15,1,2026-07-11,2
2355,33,15,2026-05-09,2
2356,86,3,2026-06-01,5
2357,56,53,2026-06-23,3
2358,288,41,2025-08-13,5
2359,107,60,2026-07-03,4
2360,220,8,2026-08-20,2
2361,55,23,2026-08-14,2
2362,8,26,2026-06-22,3
2363,7,25,2026-06-29,4
2364,113,5,2026-03-19,3
2365,189,3,2025-09-28,2
2366,211,20,2026-06-20,4
2367,53,46,2026-01-24,5
2368,88,17,2025-11-16,5
2369,167,41,2026-08-20,4
2370,69,22,2026-07-03,3
2371,247,5,2026-08-24,1
2372,300,29,2026-06-08,5
2373,120,33,2026-08-07,1
2374,120,2,2026-08-14,1
2375,159,16,2026-08-29,4
2376,125,40,2025-07-12,1
2377,71,24,2026-01-26,3
2378,104,10,2026-04-04,2
2379,20,16,2026-06-29,4
2380,169,9,2025-11-28,3
2381,21,34,2026-05-12,3
2382,13,15,2026-08-29,3
2383,176,16,2026-07-11,5
2384,28,59,2026-04-05,2
2385,196,34,2026-03-19,2
2386,227,41,2026-03-08,1
2387,252,5,2025-10-23,1
2388,73,14,2025-08-13,1
2389,89,38,2026-07-28,2
2390,121,33,2025-03-25,4
2391,240,20,2025-06-28,2
2392,126,28,2026-08-22,5
2393,128,20,2026-03-23,5
2394,230,41,2025-10-11,3
2395,247,6,2026-08-24,4
2396,194,11,2026-06-03,4
2397,217,33,2026-07-29,4
2398,80,53,2026-07-10,1
2399,196,28,2026-08-02,1
2400,154,39,2026-02-07,2
2401,284,47,2025-07-26,3
2402,195,30,2026-04-13,4
2403,146,25,2026-02-03,5
2404,247,5,2026-08-24,2
2405,241,13,2025-11-23,2
2406,3,1,2026-08-07,5
2407,192,32,2026-08-04,4
2408,203,48,2026-08-31,4
2409,251,20,2026-08-09,5
2410,37,27,2026-02-22,1
2411,198,60,2026-05-29,2
2412,100,49,2026-08-27,3
2413,179,33,2026-08-29,3
2414,30,42,2026-04-17,4
2415,127,16,2026-01-10,1
2416,186,41,2025-11-03,2
2417,134,39,2026-07-28,2
2418,131,16,2026-07-25,5
2419,83,1,2026-07-15,1
2420,197,26,2026-08-03,1
2421,266,59,2026-04-04,4
2422,85,54,2026-07-06,3
2423,155,33,2026-08-12,4
2424,158,47,2026-05-09,1
2425,56,41,2026-07-25,3
2426,74,18,2026-05-10,4
2427,158,1,2026-03-08,4
2428,1,7,2025-05-30,4
2429,269,27,2026-08-13,3
2430,221,11,2025-10-21,3
2431,96,46,2025-07-27,2
2432,250,12,2026-08-16,1
2433,231,37,2026-08-27,2
2434,96,13,2025-05-11,2
2435,99,17,2026-04-04,4
2436,56,56,2026-08-02,2
2437,41,19,2025-06-02,4
2438,64,18,2025-09-20,3
2439,16,38,2025-11-17,4
2440,249,44,2026-07-24,1
2441,32,18,2026-08-31,1
2442,299,51,2026-01-02,1
2443,109,34,2025-10-22,4
2444,267,49,2026-08-22,4
2445,243,49,2026-06-15,5
2446,220,22,2026-08-24,3
2447,162,53,2026-08-20,3
2448,205,25,2026-05-14,1
2449,183,56,2026-02-27,1
2450,2,30,2026-05-02,2
2451,14,39,2026-02-19,5
2452,144,45,2026-05-18,2
2453,189,29,2026-07-07,4
2454,264,27,2026-06-11,2
2455,2,41,2026-03-22,1
2456,185,56,2026-04-07,3
2457,228,15,2026-08-22,4
2458,205,48,2026-05-15,1
2459,179,28,2026-08-27,1
2460,198,19,2026-06-19,2
2461,74,56,2026-07-29,5
2462,259,3,2025-06-26,4
2463,45,20,2026-08-11,2
2464,229,8,2026-08-17,5
2465,124,16,2025-08-14,2
2466,46,7,2026-07-11,1
2467,83,60,2026-07-28,4
2468,144,15,2026-05-02,3
2469,244,58,2025-05-24,2
2470,274,41,2026-04-18,4
2471,47,51,2025-12-10,2
2472,295,50,2026-08-06,1
2473,176,25,2026-08-02,5
2474,224,52,2025-10-08,2
2475,133,8,2025-11-19,1
2476,58,6,2026-06-14,5
2477,97,48,2025-10-27,5
2478,189,9,2026-02-01,4
2479,296,48,2026-04-27,3
2480,32,38,2026-08-03,2
2481,199,28,2026-06-22,3
2482,65,34,2025-09-06,1
2483,203,1,2026-08-31,3
2484,75,53,2026-05-11,2
2485,256,44,2026-03-08,2
2486,146,10,2026-05-09,1
2487,164,20,2026-04-21,1
2488,141,55,2026-08-02,4
2489,111,32,2026-08-02,4
2490,31,52,2026-08-14,2
2491,108,55,2025-10-28,1
2492,92,55,2026-07-25,4
2493,154,53,2026-04-10,2
2494,12,36,2026-06-29,3
2495,217,44,2026-05-20,3
2496,201,26,2025-07-25,5
2497,145,19,2026-08-29,2
2498,281,26,2025-12-05,2
2499,166,49,2026-08-25,1
2500,156,30,2026-08-03,2
2501,296,9,2026-06-22,4
2502,150,58,2025-07-13,2
2503,112,52,2026-08-03,1
2504,186,47,2026-08-10,1
2505,76,25,2026-05-08,2
2506,29,7,2026-02-01,4
2507,92,4,2026-01-17,5
2508,174,38,2026-03-26,2
2509,207,16,2026-04-19,1
2510,124,26,2026-05-25,3
2511,89,42,2026-06-14,1
2512,238,56,2026-07-27,4
2513,141,41,2026-05-28,3
2514,6,8,2025-08-03,1
2515,63,32,2026-08-16,2
2516,12,38,2026-08-13,3
2517,49,51,2026-02-02,4
2518,248,42,2026-08-17,3
2519,293,9,2025-07-14,3
2520,33,46,2026-08-30,2
2521,208,53,2026-07-22,1
2522,202,36,2026-08-22,5
2523,272,32,2025-12-03,5
2524,300,35,2026-01-27,2
2525,61,12,2026-02-16,1
2526,285,29,2026-07-16,3
2527,63,3,2026-05-10,5
2528,106,42,2026-07-15,1
2529,288,17,2026-07-17,1
2530,44,8,2026-08-05,3
2531,187,35,2026-03-07,4
2532,1,16,2025-09-25,1
2533,266,58,2026-05-01,5
2534,228,9,2026-08-14,4
2535,161,34,2026-04-19,5
2536,276,33,2025-10-25,1
2537,23,16,2026-01-08,2
2538,73,20,2025-11-13,2
2539,283,14,2026-08-31,3
2540,143,9,2026-08-19,5
2541,217,5,2026-06-28,3
2542,134,25,2026-02-28,4
2543,234,6,2026-06-11,4
2544,74,35,2026-05-09,1
2545,138,41,2026-06-05,3
2546,289,43,2026-07-27,5
2547,84,27,2025-11-17,3
2548,223,25,2025-11-18,5
2549,127,5,2025-09-26,1
2550,273,8,2026-08-27,5
2551,209,5,2026-03-03,1
2552,186,59,2026-04-08,3
2553,75,56,2026-04-23,3
2554,6,7,2026-04-27,2
2555,194,7,2026-08-22,1
2556,90,34,2026-07-21,3
2557,251,7,2026-06-12,3
2558,293,56,2026-01-17,5
2559,139,39,2025-10-11,1
2560,88,21,2026-04-16,2
2561,177,52,2026-08-28,5
2562,207,31,2026-05-13,3
2563,5,44,2026-07-18,2
2564,65,10,2026-02-13,5
2565,137,4,2026-08-22,3
2566,128,44,2026-06-13,4
2567,235,12,2026-08-21,3
2568,240,33,2025-10-31,3
2569,220,34,2026-08-20,3
2570,45,20,2026-07-11,3
2571,47,41,2025-03-26,1
2572,123,6,2026-05-10,5
2573,30,6,2026-02-25,5
2574,253,52,2026-08-27,1
2575,218,44,2026-01-13,2
2576,246,32,2026-05-28,5
2577,64,26,2025-08-26,5
2578,98,59,2026-08-30,1
2579,218,45,2026-01-26,3
2580,126,48,2026-08-30,5
2581,22,39,2026-05-03,2
2582,269,58,2026-01-05,2
2583,39,24,2025-07-04,5
2584,181,4,2026-07-19,4
2585,195,11,2026-04-30,1
2586,174,59,2025-09-18,5
2587,61,19,2026-04-18,4
2588,151,17,2026-07-14,1
2589,292,26,2026-03-18,3
2590,264,53,2025-07-26,4
2591,250,4,2026-07-10,1
2592,236,22,2025-12-01,3
2593,55,1,2026-08-15,2
2594,206,23,2026-01-26,1
2595,221,32,2025-11-01,1
2596,271,33,2026-03-05,4
2597,64,59,2026-04-25,1
2598,80,50,2026-08-24,3
2599,116,31,2026-05-06,3
2600,154,24,2025-12-13,2
2601,275,52,2025-12-20,1
2602,225,43,2026-07-05,2
2603,72,23,2026-08-03,4
2604,3,23,2026-08-18,2
2605,57,13,2025-10-01,1
2606,69,26,2026-08-03,3
2607,17,11,2026-06-25,2
2608,246,43,2026-01-21,1
2609,216,32,2026-05-20,4
2610,66,21,2026-03-06,5
2611,200,9,2026-02-05,1
2612,11,9,2025-12-30,3
2613,257,1,2026-07-20,2
2614,27,44,2026-08-15,4
2615,5,28,2026-07-09,3
2616,145,32,2026-08-19,4
2617,127,40,2025-07-28,5
2618,96,16,2025-12-24,1
2619,135,45,2026-01-16,4
2620,102,31,2025-11-20,5
2621,93,13,2026-08-31,2
2622,118,8,2025-12-04,4
2623,20,18,2025-12-03,2
2624,219,2,2026-03-02,2
2625,47,56,2025-02-25,4
2626,209,34,2026-02-19,2
2627,114,22,2025-12-03,4
2628,32,33,2026-07-20,1
2629,156,8,2026-04-26,3
2630,144,23,2026-04-28,4
2631,127,21,2026-08-12,1
2632,94,3,2026-06-28,1
2633,165,14,2025-11-16,4
2634,144,59,2026-03-05,1
2635,221,12,2025-11-29,4
2636,187,22,2026-05-14,1
2637,50,43,2026-01-21,5
2638,67,22,2026-03-06,3
2639,271,39,2026-04-30,2
2640,142,14,2026-05-24,4
2641,45,57,2026-02-07,2
2642,62,3,2026-06-17,2
2643,99,46,2026-05-12,1
2644,39,35,2026-02-04,3
2645,243,49,2026-05-28,5
2646,79,3,2026-07-12,2
2647,215,36,2026-07-30,3
2648,287,23,2026-05-17,4
2649,61,59,2026-06-27,1
2650,248,27,2026-08-23,5
2651,12,11,2026-04-30,2
2652,149,3,2026-08-15,2
2653,204,32,2026-07-29,5
2654,39,11,2026-05-12,5
2655,197,36,2026-06-13,4
2656,140,14,2025-10-19,1
2657,82,37,2026-05-24,5
2658,5,57,2026-07-18,4
2659,258,46,2026-07-06,3
2660,156,55,2026-04-14,3
2661,138,36,2026-05-17,2
2662,115,3,2026-08-24,2
2663,150,3,2025-07-16,3
2664,69,18,2026-06-17,2
2665,108,35,2025-07-08,1
2666,178,41,2026-07-16,3
2667,43,46,2026-07-28,3
2668,69,27,2026-08-28,3
2669,167,4,2026-07-15,1
2670,183,15,2026-02-01,2
2671,132,2,2026-03-18,5
2672,55,47,2026-08-27,4
2673,132,56,2026-05-02,5
2674,283,14,2026-08-30,2
2675,167,18,2025-12-11,5
2676,203,10,2026-08-31,2
2677,223,24,2026-01-19,4
2678,48,32,2025-10-02,4
2679,95,53,2026-06-27,2
2680,292,32,2026-02-27,3
2681,11,20,2026-01-03,2
2682,202,44,2026-08-08,2
2683,36,10,2026-08-23,4
2684,126,30,2026-08-30,4
2685,52,47,2026-08-24,2
2686,7,39,2026-06-14,4
2687,197,2,2026-04-03,1
2688,23,9,2026-03-03,1
2689,138,10,2026-04-20,1
2690,55,35,2026-08-27,3
2691,44,13,2026-07-12,4
2692,289,58,2026-06-23,2
2693,158,22,2026-05-26,2
2694,125,4,2026-03-07,3
2695,279,8,2026-04-29,1
2696,53,35,2025-09-23,1
2697,262,57,2026-08-24,2
2698,1,59,2025-08-17,1
2699,117,28,2026-07-03,2
2700,181,42,2026-06-14,2
2701,197,44,2026-04-03,4
2702,87,8,2026-03-22,1
2703,145,23,2026-08-19,5
2704,171,8,2026-08-24,1
2705,23,39,2026-02-06,2
2706,220,34,2026-08-23,5
2707,93,44,2026-08-28,2
2708,155,40,2026-04-08,3
2709,54,18,2026-05-16,3
2710,136,52,2026-07-29,1
2711,2,56,2025-12-24,2
2712,164,10,2026-02-22,4
2713,245,53,2025-09-18,1
2714,296,28,2026-08-27,3
2715,75,6,2026-05-18,2
2716,94,50,2026-08-16,3
2717,164,32,2026-03-12,4
2718,212,39,2026-01-18,2
2719,126,25,2026-08-26,5
2720,255,35,2026-08-31,4
2721,273,35,2026-08-13,4
2722,43,38,2026-03-19,5
2723,296,50,2026-07-24,2
2724,45,16,2026-06-18,1
2725,105,55,2026-08-01,3
2726,286,31,2025-07-29,1
2727,31,59,2026-08-15,3
2728,72,19,2026-06-27,2
2729,283,60,2026-08-30,2
2730,108,53,2025-10-27,1
2731,71,8,2026-05-07,2
2732,194,47,2026-02-09,4
2733,191,4,2026-08-27,1
2734,298,5,2026-07-19,5
2735,81,2,2026-05-26,3
2736,73,6,2025-12-13,1
2737,7,37,2026-07-25,2
2738,94,31,2026-07-15,5
2739,154,31,2025-12-04,3
2740,228,51,2026-03-23,3
2741,57,10,2025-06-08,1
2742,89,33,2026-04-20,1
2743,203,54,2026-08-31,4
2744,284,46,2026-06-26,3
2745,293,33,2026-02-11,2
2746,217,60,2025-12-09,3
2747,48,34,2026-01-11,2
2748,109,26,2026-08-31,1
2749,113,26,2025-07-20,5
2750,40,53,2026-06-02,4
2751,245,21,2026-07-15,4
2752,195,11,2026-02-07,3
2753,218,13,2025-09-13,1
2754,54,5,2026-03-07,5
2755,172,2,2026-03-31,3
2756,84,35,2025-10-24,1
2757,109,39,2025-10-24,3
2758,97,36,2025-12-10,1
2759,124,18,2025-04-07,5
2760,290,3,2026-08-08,4
2761,24,4,2026-03-11,1
2762,159,1,2026-08-17,3
2763,204,33,2026-05-03,3
2764,201,47,2025-12-18,2
2765,50,22,2026-05-02,5
2766,52,33,2026-02-12,1
2767,196,31,2026-05-26,1
2768,149,11,2026-08-18,4
2769,41,57,2025-06-10,2
2770,111,52,2026-07-14,2
2771,257,34,2026-07-10,5
2772,268,60,2026-06-30,3
2773,230,51,2025-09-05,3
2774,149,24,2026-08-27,1
2775,199,16,2026-06-08,5
2776,39,10,2026-07-12,1
2777,8,10,2026-08-19,3
2778,281,56,2025-11-30,4
2779,49,30,2026-04-11,2
2780,152,11,2026-04-04,3
2781,296,24,2026-06-11,1
2782,37,12,2026-08-13,4
2783,133,31,2025-10-15,4
2784,72,8,2026-07-11,4
2785,21,24,2026-03-07,4
2786,210,55,2025-06-01,4
2787,188,33,2026-02-08,3
2788,43,44,2026-03-11,5
2789,231,17,2026-08-31,1
2790,30,48,2026-02-04,5
2791,5,10,2026-04-04,3
2792,193,11,2026-04-17,1
2793,115,25,2026-08-19,1
2794,179,30,2026-08-26,5
2795,239,7,2025-11-26,2
2796,56,59,2026-07-02,4
2797,103,26,2026-04-21,1
2798,163,22,2026-08-30,4
2799,109,45,2026-06-19,1
2800,143,30,2026-07-06,5
2801,80,31,2026-04-15,2
2802,164,37,2025-08-23,5
2803,195,4,2026-08-19,3
2804,221,31,2025-11-09,1
2805,109,56,2025-10-30,4
2806,139,17,2026-07-13,2
2807,43,10,2025-03-23,3
2808,208,6,2026-04-10,4
2809,215,34,2026-05-27,3
2810,95,54,2026-06-11,1
2811,220,22,2026-08-22,2
2812,102,23,2026-05-01,4
2813,244,35,2025-07-01,4
2814,182,59,2026-07-29,5
2815,200,53,2025-12-16,5
2816,102,5,2026-07-22,5
2817,75,21,2026-08-14,3
2818,8,10,2026-03-14,2
2819,256,56,2025-12-27,1
2820,209,17,2026-06-09,1
2821,231,54,2026-08-29,2
2822,231,41,2026-08-12,1
2823,19,14,2025-11-26,4
2824,280,50,2025-11-19,5
2825,194,14,2026-05-03,2
2826,98,44,2026-08-25,1
2827,190,53,2025-12-09,1
2828,155,58,2026-04-19,5
2829,64,45,2026-05-01,4
2830,212,27,2026-02-06,3
2831,278,28,2026-06-22,3
2832,59,60,2026-07-17,4
2833,220,24,2026-08-18,5
2834,84,35,2026-04-11,4
2835,146,55,2026-03-25,4
2836,146,45,2026-03-05,1
2837,45,52,2026-02-06,1
2838,9,40,2026-07-19,1
2839,255,48,2026-08-31,5
2840,52,41,2026-07-13,5
2841,298,52,2026-05-23,3
2842,216,14,2025-12-04,4
2843,283,25,2026-08-27,2
2844,241,8,2026-03-03,4
2845,212,59,2026-03-23,1
2846,192,51,2026-07-24,5
2847,146,18,2026-07-16,3
2848,158,54,2026-08-15,4
2849,124,1,2026-03-10,1
2850,8,2,2025-10-09,3
2851,266,53,2026-08-23,5
2852,163,22,2026-05-11,5
2853,221,16,2026-05-03,4
2854,99,40,2026-03-19,1
2855,296,28,2026-05-13,4
2856,89,26,2026-05-30,5
2857,82,28,2026-05-28,1
2858,65,33,2025-05-23,5
2859,201,54,2026-07-14,3
2860,284,11,2026-08-26,3
2861,105,6,2026-08-05,1
2862,224,1,2025-07-18,1
2863,279,59,2026-08-29,1
2864,293,25,2025-04-29,2
2865,233,41,2026-07-29,3
2866,96,16,2025-10-25,3
2867,100,35,2026-08-24,4
2868,134,43,2026-01-02,3
2869,43,60,2025-06-08,1
2870,297,56,2025-08-26,1
2871,236,60,2025-06-04,1
2872,73,19,2025-12-31,2
2873,48,5,2026-03-12,3
2874,107,26,2025-11-19,4
2875,12,27,2026-01-17,4
2876,40,14,2026-05-30,4
2877,193,57,2026-01-20,4
2878,83,12,2026-07-27,1
2879,92,43,2025-12-04,1
2880,176,23,2026-08-15,5
2881,280,1,2025-11-15,5
2882,131,60,2026-03-24,2
2883,16,35,2025-04-14,5
2884,263,49,2026-05-25,2
2885,187,8,2026-03-31,1
2886,168,9,2025-11-12,1
2887,65,18,2025-10-29,4
2888,103,6,2026-05-01,5
2889,151,30,2026-08-19,4
2890,263,26,2026-05-30,3
2891,89,13,2026-05-20,4
2892,53,38,2026-06-05,5
2893,160,11,2026-07-29,4
2894,222,57,2026-04-22,4
2895,140,53,2025-12-27,5
2896,56,39,2026-07-01,4
2897,103,37,2026-05-03,3
2898,33,29,2026-05-27,1
2899,262,17,2026-08-29,4
2900,151,39,2026-08-23,3
2901,204,2,2026-04-13,2
2902,166,28,2026-07-05,3
2903,126,5,2026-08-23,3
2904,191,10,2026-05-20,1
2905,5,21,2026-03-11,3
2906,110,30,2026-08-16,3
2907,120,36,2026-03-26,4
2908,146,39,2025-08-08,5
2909,112,7,2026-08-26,3
2910,39,37,2026-04-25,4
2911,163,53,2026-06-18,2
2912,101,4,2026-04-07,4
2913,24,18,2026-05-04,1
2914,64,29,2025-11-14,5
2915,168,38,2026-02-04,2
2916,296,2,2026-06-02,1
2917,295,1,2026-05-27,3
2918,68,54,2026-03-21,1
2919,274,59,2026-01-07,1
2920,173,42,2025-09-15,1
2921,241,7,2026-04-05,3
2922,141,21,2026-04-08,4
2923,41,36,2026-01-21,4
2924,25,26,2025-11-24,4
2925,253,55,2026-08-13,1
2926,192,40,2026-07-16,1
2927,115,4,2026-07-21,2
2928,54,21,2026-08-21,4
2929,116,11,2025-11-30,2
2930,189,53,2026-05-27,1
2931,27,17,2026-07-27,1
2932,25,20,2025-08-02,3
2933,169,45,2026-03-12,3
2934,88,60,2025-12-08,5
2935,236,8,2025-06-08,3
2936,76,49,2026-04-24,4
2937,63,34,2026-08-21,2
2938,296,31,2026-07-20,4
2939,144,21,2026-05-29,4
2940,116,6,2026-02-28,3
2941,43,23,2026-08-06,2
2942,106,45,2026-07-09,1
2943,254,4,2025-11-26,1
2944,111,30,2026-08-14,2
2945,250,7,2026-07-06,2
2946,271,33,2026-04-15,3
2947,233,42,2025-11-26,5
2948,55,59,2026-08-08,2
2949,187,25,2026-07-29,5
2950,263,13,2026-08-13,4
2951,97,5,2026-01-18,4
2952,85,44,2026-06-21,5
2953,53,10,2025-12-17,1
2954,57,16,2025-05-17,4
2955,96,18,2025-04-10,4
2956,272,29,2026-04-30,3
2957,61,60,2026-08-24,1
2958,182,28,2026-05-29,2
2959,204,33,2026-07-03,5
2960,171,4,2026-08-27,3
2961,190,7,2025-07-01,4
2962,217,13,2026-02-17,2
2963,207,12,2026-06-20,5
2964,253,34,2026-07-30,1
2965,26,42,2026-06-21,1
2966,113,8,2025-05-14,1
2967,295,18,2026-02-02,1
2968,273,7,2026-08-14,2
2969,208,26,2026-05-04,1
2970,113,47,2026-06-12,3
2971,254,14,2025-11-05,2
2972,178,41,2026-06-25,5
2973,148,47,2026-06-08,1
2974,95,33,2026-08-23,4
2975,157,55,2026-08-18,2
2976,88,21,2025-11-03,2
2977,96,22,2026-06-21,2
2978,7,43,2026-08-01,4
2979,172,2,2026-03-15,3
2980,40,11,2026-05-26,1
2981,181,31,2026-08-29,1
2982,251,56,2026-01-19,4
2983,57,3,2026-07-02,1
2984,291,44,2026-01-15,2
2985,269,33,2025-12-06,2
2986,49,7,2026-04-06,3
2987,232,32,2026-06-20,5
2988,132,43,2026-02-20,3
2989,187,30,2025-12-16,3
2990,155,46,2026-05-02,5
2991,248,8,2026-08-07,5
2992,11,10,2026-05-10,2
2993,73,23,2026-08-29,1
2994,126,37,2026-08-31,4
2995,185,14,2026-04-18,2
2996,194,41,2026-03-02,3
2997,279,58,2026-08-21,4
2998,270,12,2026-05-09,3
2999,170,26,2026-05-17,3
3000,159,13,2026-08-07,5
3001,267,45,2026-08-24,5
3002,63,28,2026-08-02,5
3003,178,19,2026-05-11,1
3004,256,60,2026-07-03,2
3005,239,44,2025-12-29,5
3006,149,40,2026-08-31,2
3007,156,32,2026-05-01,1
3008,151,1,2026-08-14,1
3009,112,19,2026-08-28,1
3010,28,32,2026-05-04,1
3011,221,23,2026-06-26,1
3012,26,17,2026-05-24,3
3013,146,51,2026-07-05,5
3014,288,10,2025-06-21,3
3015,74,47,2026-05-07,4
3016,300,59,2026-01-05,3
3017,113,3,2025-12-15,3
3018,128,52,2026-07-01,4
3019,217,26,2025-11-09,3
3020,155,39,2026-04-21,2
3021,289,28,2026-04-22,5
3022,72,44,2026-08-06,2
3023,129,9,2026-03-05,5
3024,103,20,2026-04-09,1
3025,153,37,2026-07-29,5
3026,94,25,2026-08-22,1
3027,71,34,2025-12-28,3
3028,258,60,2026-01-16,4
3029,182,28,2026-06-30,4
3030,211,30,2025-09-01,5
3031,14,50,2026-07-22,1
3032,72,40,2026-08-24,3
3033,125,38,2026-02-19,3
3034,66,40,2026-05-19,5
3035,151,4,2026-08-06,2
3036,207,43,2026-04-12,4
3037,266,30,2026-02-28,1
3038,29,18,2025-05-22,3
3039,50,53,2026-04-02,5
3040,247,45,2026-08-24,1
3041,63,48,2026-08-16,1
3042,105,34,2026-08-09,5
3043,254,9,2025-12-02,2
3044,155,41,2026-04-21,1
3045,249,40,2026-08-31,2
3046,59,5,2026-06-25,2
3047,62,34,2026-02-11,2
3048,105,7,2026-08-30,1
3049,259,29,2026-03-23,1
3050,63,20,2026-07-20,4
3051,95,53,2026-07-05,5
3052,134,53,2026-07-19,5
3053,64,28,2025-11-01,1
3054,95,10,2026-08-28,2
3055,88,33,2026-07-05,2
3056,244,31,2025-11-10,3
3057,52,38,2026-08-07,3
3058,141,26,2026-04-28,1
3059,238,27,2026-07-26,4
3060,76,2,2025-12-12,4
3061,62,37,2026-04-27,1
3062,298,20,2026-05-23,5
3063,228,3,2026-06-18,2
3064,240,57,2026-04-25,3
3065,5,11,2026-06-08,5
3066,258,14,2026-01-07,5
3067,200,33,2026-01-12,2
3068,78,23,2026-08-13,5
3069,174,30,2025-05-29,3
3070,156,60,2026-05-28,1
3071,248,25,2026-08-20,5
3072,93,37,2026-08-30,5
3073,133,9,2025-12-23,5
3074,298,23,2026-08-01,5
3075,207,5,2026-04-22,1
3076,82,15,2026-04-23,1
3077,256,60,2026-06-30,4
3078,166,49,2026-07-11,2
3079,54,58,2025-12-01,4
3080,216,60,2025-09-13,1
3081,129,8,2025-08-23,1
3082,227,49,2026-06-10,5
3083,16,60,2025-09-16,3
3084,56,45,2026-07-09,4
3085,69,41,2026-08-23,5
3086,103,13,2026-03-13,4
3087,225,44,2026-05-27,2
3088,104,48,2025-08-28,4
3089,271,52,2026-08-15,2
3090,45,38,2025-12-27,1
3091,105,3,2026-08-08,1
3092,185,50,2026-07-09,5
3093,280,56,2025-10-01,3
3094,95,44,2026-08-26,5
3095,255,13,2026-08-28,5
3096,243,33,2026-06-17,3
3097,287,55,2026-01-20,1
3098,225,28,2026-08-22,4
3099,37,37,2026-03-05,2
3100,265,20,2026-05-17,1
3101,256,15,2025-08-13,5
3102,277,22,2025-07-08,2
3103,149,60,2026-08-22,4
3104,184,5,2026-08-31,2
3105,148,5,2026-08-15,5
3106,124,55,2026-06-24,5
3107,257,20,2026-04-17,5
3108,30,35,2025-11-27,5
3109,242,60,2026-08-08,1
3110,17,22,2026-04-23,3
3111,103,22,2025-12-04,2
3112,105,36,2026-08-21,1
3113,121,32,2025-03-19,5
3114,19,23,2025-09-27,4
3115,42,57,2026-08-25,2
3116,139,47,2025-09-12,1
3117,19,32,2026-05-08,2
3118,180,28,2026-08-01,3
3119,117,2,2026-01-15,1
3120,101,35,2026-06-05,4
3121,10,36,2026-02-14,1
3122,199,50,2026-06-30,2
3123,221,45,2026-02-26,5
3124,71,8,2025-12-26,1
3125,189,23,2025-12-02,3
3126,224,59,2025-04-12,2
3127,119,6,2025-03-04,2
3128,212,48,2026-08-14,5
3129,24,52,2025-10-08,2
3130,30,5,2025-10-31,2
3131,225,12,2026-05-26,1
3132,161,23,2026-08-25,2
3133,150,9,2026-03-29,4
3134,63,43,2026-04-27,1
3135,129,35,2025-11-17,4
3136,183,58,2026-01-01,4
3137,155,24,2026-08-22,3
3138,126,34,2026-08-24,3
3139,278,33,2025-04-19,1
3140,178,58,2026-07-27,5
3141,249,18,2026-07-23,2
3142,71,54,2026-02-06,2
3143,157,48,2026-02-18,2
3144,63,24,2026-05-14,1
3145,121,45,2026-03-30,4
3146,59,2,2026-08-27,1
3147,139,18,2026-06-19,4
3148,154,53,2025-06-20,1
3149,143,55,2026-08-12,4
3150,254,2,2026-02-21,4
3151,228,3,2026-05-16,2
3152,195,12,2026-07-12,4
3153,273,4,2026-08-27,3
3154,17,35,2026-07-20,3
3155,14,59,2026-06-09,3
3156,111,49,2026-06-29,3
3157,223,56,2026-06-11,1
3158,56,36,2026-07-01,3
3159,274,30,2025-11-15,5
3160,291,50,2025-12-15,2
3161,196,30,2026-07-05,2
3162,68,59,2025-02-17,3
3163,141,6,2026-02-17,5
3164,152,22,2026-08-11,4
3165,20,40,2026-01-14,3
3166,138,43,2026-06-20,5
3167,7,8,2026-07-11,5
3168,165,54,2025-11-05,2
3169,228,30,2026-03-24,4
3170,5,30,2026-03-18,3
3171,246,41,2026-06-18,2
3172,210,4,2025-04-11,3
3173,283,21,2026-08-27,4
3174,93,17,2026-08-26,3
3175,254,9,2025-12-04,2
3176,76,56,2025-04-16,2
3177,59,42,2026-06-29,2
3178,260,56,2026-06-09,5
3179,163,3,2026-08-17,2
3180,32,46,2026-06-29,3
3181,9,44,2026-07-04,5
3182,23,39,2026-02-28,3
3183,56,5,2026-07-16,4
3184,58,33,2026-05-11,2
3185,105,21,2026-08-23,4
3186,37,42,2026-06-02,3
3187,74,2,2026-06-09,5
3188,185,22,2026-07-09,3
3189,241,19,2026-07-20,1
3190,83,24,2026-07-10,3
3191,77,59,2026-07-18,1
3192,55,39,2026-08-10,3
3193,262,46,2026-08-27,5
3194,177,14,2026-08-18,5
3195,17,43,2026-07-10,2
3196,196,49,2026-06-11,1
3197,40,60,2025-10-05,5
3198,258,37,2026-07-30,4
3199,276,47,2025-07-27,5
3200,27,39,2026-08-24,5
3201,267,29,2026-08-24,3
3202,100,54,2026-08-30,3
3203,125,22,2025-10-04,3
3204,119,30,2026-01-10,1
3205,124,29,2026-03-05,3
3206,41,23,2026-08-06,1
3207,186,42,2026-06-24,5
3208,118,29,2026-04-30,2
3209,292,53,2026-01-30,5
3210,126,50,2026-08-26,5
3211,71,39,2025-09-26,3
3212,175,21,2025-10-12,1
3213,210,27,2026-06-21,2
3214,295,32,2026-08-22,2
3215,93,57,2026-08-29,1
3216,86,8,2026-06-02,3
3217,284,46,2026-08-17,4
3218,52,9,2025-12-15,4
3219,13,45,2026-03-08,1
3220,68,33,2026-07-29,4
3221,217,23,2025-11-24,4
3222,286,16,2026-01-09,1
3223,173,58,2026-02-26,5
3224,56,47,2026-05-18,1
3225,182,29,2026-08-26,4
3226,231,48,2026-08-28,4
3227,149,49,2026-08-29,2
3228,94,47,2026-07-08,2
3229,4,38,2026-08-19,3
3230,233,25,2026-02-20,4
3231,91,33,2025-12-12,1
3232,119,20,2026-07-12,3
3233,25,37,2026-03-17,5
3234,297,33,2026-02-08,3
3235,166,25,2026-07-22,2
3236,74,3,2026-05-10,4
3237,266,18,2026-07-12,5
3238,161,7,2026-04-16,3
3239,85,8,2026-06-18,3
3240,250,29,2026-06-06,2
3241,148,59,2026-07-11,5
3242,55,60,2026-08-11,3
3243,73,7,2025-11-04,5
3244,261,49,2026-06-08,1
3245,21,58,2026-07-15,5
3246,100,1,2026-08-28,1
3247,190,14,2025-10-28,5
3248,219,47,2025-12-04,5
3249,65,54,2026-05-01,3
3250,57,46,2026-05-05,1
3251,228,57,2026-07-08,4
3252,135,6,2025-11-21,3
3253,60,23,2026-08-27,1
3254,114,47,2025-06-06,3
3255,81,33,2026-07-13,3
3256,233,41,2026-05-29,1
3257,162,58,2026-08-31,1
3258,222,7,2026-05-30,3
3259,98,54,2026-08-24,1
3260,5,16,2026-04-13,5
3261,193,56,2025-10-16,2
3262,136,31,2025-07-07,4
3263,96,47,2026-08-02,3
3264,68,13,2025-05-03,5
3265,110,1,2026-08-07,1
3266,252,36,2026-05-25,2
3267,92,3,2026-06-20,3
3268,195,41,2026-06-23,2
3269,179,31,2026-07-21,3
3270,119,57,2025-12-18,4
3271,251,51,2026-08-03,4
3272,183,35,2026-05-15,3
3273,50,15,2026-02-15,3
3274,215,29,2026-06-10,2
3275,218,8,2025-07-27,4
3276,164,43,2025-10-04,3
3277,204,46,2026-04-16,4
3278,251,39,2026-04-13,2
3279,15,19,2026-06-23,5
3280,111,57,2026-08-17,1
3281,288,50,2025-10-20,3
3282,163,27,2026-07-07,4
3283,218,26,2025-09-08,1
3284,138,32,2026-06-12,3
3285,24,20,2026-05-18,4
3286,114,37,2026-07-21,2
3287,275,14,2026-06-21,1
3288,169,9,2026-08-23,1
3289,11,52,2026-04-24,1
3290,171,59,2026-08-24,5
3291,33,42,2026-04-27,5
3292,108,24,2025-10-01,2
3293,275,26,2026-08-07,2
3294,149,52,2026-08-19,3
3295,170,27,2025-10-22,5
3296,128,1,2026-01-18,1
3297,270,7,2026-07-09,4
3298,249,3,2026-07-28,3
3299,155,2,2026-03-10,2
3300,18,18,2025-07-17,4
3301,206,9,2026-08-21,3
3302,44,5,2026-07-08,5
3303,213,2,2025-07-31,5
3304,78,7,2026-07-10,4
3305,100,54,2026-08-30,3
3306,166,28,2026-08-16,1
3307,155,18,2026-07-05,2
3308,52,17,2026-07-27,4
3309,150,28,2025-05-21,2
3310,209,36,2026-02-05,4
3311,146,59,2026-04-16,5
3312,260,16,2026-05-10,1
3313,255,47,2026-08-30,3
3314,280,46,2025-10-20,4
3315,115,37,2026-07-22,4
3316,119,29,2026-03-07,4
3317,289,7,2026-04-16,3
3318,74,52,2026-08-26,1
3319,49,36,2026-01-27,2
3320,251,38,2026-01-20,1
3321,73,26,2026-08-04,5
3322,291,49,2025-11-17,1
3323,253,17,2026-07-29,3
3324,173,54,2025-11-23,1
3325,165,45,2026-04-08,5
3326,209,56,2025-09-18,3
3327,108,49,2026-07-25,5
3328,256,21,2026-06-16,2
3329,165,30,2026-06-20,4
3330,264,36,2026-07-21,1
3331,54,28,2026-08-27,1
3332,193,9,2025-03-18,2
3333,267,48,2026-08-17,2
3334,102,29,2025-11-26,1
3335,218,32,2025-07-24,5
3336,250,9,2026-08-28,4
3337,205,1,2025-12-04,1
3338,223,19,2026-03-23,5
3339,166,40,2026-07-29,5
3340,85,10,2026-06-19,5
3341,105,52,2026-08-23,5
3342,129,31,2026-03-28,2
3343,170,60,2025-08-01,2
3344,269,46,2026-05-12,1
3345,163,27,2026-05-13,2
3346,241,5,2025-09-07,3
3347,97,13,2026-08-19,1
3348,276,30,2026-02-26,1
3349,32,40,2026-07-25,5
3350,81,5,2026-07-17,5
3351,116,23,2025-10-23,2
3352,141,19,2026-05-19,5
3353,157,24,2026-03-26,4
3354,131,36,2026-07-09,2
3355,40,38,2025-08-30,1
3356,111,18,2026-07-18,3
3357,289,7,2026-01-11,5
3358,197,22,2026-07-31,5
3359,142,52,2026-07-02,5
3360,243,14,2026-05-24,1
3361,119,14,2025-05-26,5
3362,76,10,2025-08-12,4
3363,1,21,2025-06-03,1
3364,71,33,2026-07-03,4
3365,218,43,2025-12-25,3
3366,155,33,2026-01-12,2
3367,287,26,2026-05-23,4
3368,243,23,2026-06-11,5
3369,163,34,2026-04-18,5
3370,110,11,2026-08-20,3
3371,74,54,2026-07-07,5
3372,227,32,2026-08-31,3
3373,62,36,2026-05-09,3
3374,92,2,2026-05-24,4
3375,178,47,2026-07-30,2
3376,287,57,2026-02-16,4
3377,192,12,2026-08-26,1
3378,101,29,2026-01-29,5
3379,100,1,2026-08-30,3
3380,169,7,2026-03-01,3
3381,258,59,2025-01-28,5
3382,140,3,2026-06-13,3
3383,246,26,2025-09-29,3
3384,141,41,2025-11-11,5
3385,16,56,2026-07-17,5
3386,233,32,2025-12-06,4
3387,280,52,2025-10-18,1
3388,190,2,2026-04-15,2
3389,91,56,2025-07-13,1
3390,215,54,2026-08-16,1
3391,29,29,2025-04-06,3
3392,50,55,2026-06-06,3
3393,100,42,2026-08-30,1
3394,171,54,2026-08-23,2
3395,188,34,2025-04-07,4
3396,214,54,2026-05-13,1
3397,34,13,2026-07-19,5
3398,76,47,2025-11-25,1
3399,89,29,2026-03-21,3
3400,102,45,2026-06-14,4
3401,89,41,2026-03-10,3
3402,141,36,2026-04-10,1
3403,175,30,2026-05-30,1
3404,290,60,2026-07-26,1
3405,60,59,2026-07-12,2
3406,45,12,2026-05-26,5
3407,11,50,2026-01-06,1
3408,112,41,2026-08-14,4
3409,42,57,2026-06-27,3
3410,98,48,2026-08-31,2
3411,159,4,2026-08-18,3
3412,92,18,2026-01-28,5
3413,162,27,2026-08-20,2
3414,140,57,2025-10-27,2
3415,152,17,2026-07-08,3
3416,48,32,2025-12-30,5
3417,187,23,2026-07-28,2
3418,19,54,2026-06-17,4
3419,80,35,2026-08-01,2
3420,223,23,2026-04-01,2
3421,176,45,2026-08-18,5
3422,138,6,2026-08-26,2
3423,133,14,2026-05-19,3
3424,17,60,2026-02-04,5
3425,96,31,2025-08-02,4
3426,166,24,2026-08-23,4
3427,18,21,2025-06-28,3
3428,5,11,2026-06-24,4
3429,172,22,2026-07-13,1
3430,96,59,2026-03-13,3
3431,84,30,2026-06-06,2
3432,12,29,2026-08-01,5
3433,295,45,2026-05-13,4
3434,243,54,2026-06-03,3
3435,192,39,2026-07-31,4
3436,206,20,2026-02-03,2
3437,260,7,2026-05-30,4
3438,138,37,2026-07-28,5
3439,15,11,2026-08-25,2
3440,154,57,2026-03-09,5
3441,102,37,2025-12-09,2
3442,171,51,2026-08-14,1
3443,159,51,2026-08-30,2
3444,178,30,2026-07-23,2
3445,236,1,2025-06-30,2
3446,89,20,2026-05-27,1
3447,95,16,2026-07-01,4
3448,47,47,2025-09-11,2
3449,285,55,2026-07-04,3
3450,3,31,2025-08-12,3
3451,52,31,2026-06-17,2
3452,242,43,2026-08-16,4
3453,125,49,2025-07-21,4
3454,66,21,2025-10-21,4
3455,168,58,2025-12-14,4
3456,202,35,2026-07-05,3
3457,251,43,2026-07-12,1
3458,114,57,2026-03-06,2
3459,121,24,2026-01-09,3
3460,257,53,2026-01-05,5
3461,204,59,2026-04-03,2
3462,71,32,2025-08-20,1
3463,109,20,2026-05-29,1
3464,174,25,2025-07-09,4
3465,78,19,2026-02-18,4
3466,247,3,2026-08-23,4
3467,92,11,2026-06-09,5
3468,55,30,2026-08-29,1
3469,178,44,2026-05-08,4
3470,7,11,2026-07-12,2
3471,295,33,2026-04-17,4
3472,6,32,2026-05-22,4
3473,28,20,2026-07-04,3
3474,60,39,2026-08-27,4
3475,258,24,2026-05-14,3
3476,274,24,2025-06-08,2
3477,218,35,2026-05-21,4
3478,41,10,2025-03-14,3
3479,133,13,2026-07-07,5
3480,233,28,2025-10-03,4
3481,145,3,2026-08-19,4
3482,236,24,2025-03-22,5
3483,190,17,2026-01-09,3
3484,152,50,2026-03-24,5
3485,137,12,2026-06-03,3
3486,214,2,2026-01-20,3
3487,153,41,2025-12-23,5
3488,58,23,2026-08-03,1
3489,273,48,2026-08-18,2
3490,90,6,2026-04-13,1
3491,65,47,2025-06-19,4
3492,221,58,2025-12-10,3
3493,235,45,2026-08-26,2
3494,269,37,2026-05-04,1
3495,40,21,2025-12-20,1
3496,76,39,2025-06-08,4
3497,263,47,2026-05-16,3
3498,155,28,2026-06-06,1
3499,95,48,2026-07-07,1
3500,222,8,2025-12-13,5
3501,134,20,2026-08-27,5
3502,125,45,2026-07-16,1
3503,192,37,2026-08-09,2
3504,224,18,2025-08-21,3
3505,257,43,2026-01-16,5
3506,205,59,2025-10-06,3
3507,140,1,2026-02-10,2
3508,10,51,2026-01-11,2
3509,141,18,2026-06-06,5
3510,163,7,2026-05-24,2
3511,10,46,2025-11-26,2
3512,33,40,2026-06-27,5
3513,236,38,2026-04-05,5
3514,169,35,2026-03-22,4
3515,286,1,2026-03-01,3
3516,164,23,2026-03-22,2
3517,237,55,2026-07-21,4
3518,108,35,2025-09-02,4
3519,131,26,2026-03-01,5
3520,41,41,2026-07-18,5
3521,177,6,2026-08-07,5
3522,190,20,2025-11-02,3
3523,232,44,2026-07-20,1
3524,80,40,2026-08-05,2
3525,181,37,2026-07-21,4
3526,12,49,2026-05-05,5
3527,252,16,2026-01-25,5
3528,68,25,2025-06-08,1
3529,203,14,2026-08-30,1
3530,293,19,2025-10-03,2
3531,206,36,2026-05-08,3
3532,112,27,2026-08-29,3
3533,164,50,2026-02-08,1
3534,163,33,2026-08-13,5
3535,201,15,2026-01-11,4
3536,238,19,2026-07-29,4
3537,81,60,2026-06-03,4
3538,148,1,2026-08-15,3
3539,238,42,2026-02-12,1
3540,197,38,2026-08-20,4
3541,215,27,2026-05-24,1
3542,115,9,2026-08-29,5
3543,258,6,2026-08-22,4
3544,12,21,2026-04-17,2
3545,292,41,2026-07-26,1
3546,190,2,2026-06-21,5
3547,200,36,2026-08-29,2
3548,83,30,2026-07-31,2
3549,90,31,2026-07-13,2
3550,166,9,2026-07-19,1
3551,16,14,2026-07-07,4
3552,126,44,2026-08-29,4
3553,124,51,2025-07-10,4
3554,257,42,2026-02-02,5
3555,170,56,2025-08-26,2
3556,237,47,2025-08-10,1
3557,17,44,2026-06-28,4
3558,267,31,2026-08-26,1
3559,214,17,2026-06-07,5
3560,62,46,2026-08-04,5
3561,274,46,2025-04-24,4
3562,247,53,2026-08-30,1
3563,150,52,2026-03-29,1
3564,187,26,2026-08-28,4
3565,220,51,2026-08-16,1
3566,75,55,2026-05-03,5
3567,58,47,2026-05-23,3
3568,212,43,2026-01-24,2
3569,125,51,2026-02-04,2
3570,136,7,2025-10-06,1
3571,235,58,2026-08-29,4
3572,126,49,2026-08-24,3
3573,152,45,2026-07-09,3
3574,231,45,2026-07-22,5
3575,141,39,2025-10-31,2
3576,76,34,2025-12-17,1
3577,114,57,2025-11-04,5
3578,186,46,2026-03-18,3
3579,82,37,2026-06-16,4
3580,226,44,2026-07-10,2
3581,66,10,2026-06-21,3
3582,197,17,2026-08-16,2
3583,15,55,2026-06-09,5
3584,156,10,2026-07-16,1
3585,133,24,2026-06-30,5
3586,208,31,2026-07-01,2
3587,177,42,2026-08-03,5
3588,257,21,2026-05-18,3
3589,194,56,2026-06-07,2
3590,269,31,2025-12-10,4
3591,195,1,2026-07-15,1
3592,176,15,2026-07-24,2
3593,115,10,2026-08-07,5
3594,62,42,2026-03-09,3
3595,256,30,2026-05-05,1
3596,269,58,2026-01-06,2
3597,187,43,2025-12-26,4
3598,51,22,2026-08-31,1
3599,139,36,2026-05-22,5
3600,41,52,2025-05-03,4
3601,291,34,2025-12-02,2
3602,132,52,2026-06-29,2
3603,126,15,2026-08-31,4
3604,91,3,2025-11-28,5
3605,143,6,2026-08-20,2
3606,33,58,2026-05-18,5
3607,156,4,2026-04-11,2
3608,125,38,2026-06-26,5
3609,245,30,2025-10-04,5
3610,27,21,2026-07-29,2
3611,245,8,2026-03-29,1
3612,244,13,2025-04-30,5
3613,111,39,2026-08-27,3
3614,292,1,2026-07-05,1
3615,227,50,2026-08-18,2
3616,234,1,2026-06-10,4
3617,139,32,2026-07-11,2
3618,169,33,2026-06-26,5
3619,146,42,2025-09-22,3
3620,273,16,2026-08-16,3
3621,288,33,2025-10-13,4
3622,58,49,2026-08-31,2
3623,250,1,2026-06-30,5
3624,241,32,2025-11-27,2
3625,34,49,2025-12-30,3
3626,49,60,2026-06-16,3
3627,276,53,2025-09-28,2
3628,56,49,2026-06-11,2
3629,158,33,2026-04-12,3
3630,272,31,2025-12-23,3
3631,108,37,2025-08-17,3
3632,81,13,2026-07-29,2
3633,81,40,2026-05-29,3
3634,265,31,2026-07-27,5
3635,214,50,2026-06-12,3
3636,118,60,2026-02-09,4
3637,156,24,2026-03-26,3
3638,171,47,2026-08-24,3
3639,231,20,2026-08-02,5
3640,202,49,2026-07-27,1
3641,207,4,2026-07-24,3
3642,72,30,2026-08-06,3
3643,10,53,2026-06-08,2
3644,107,43,2026-02-07,3
3645,192,2,2026-07-30,4
3646,196,21,2026-05-18,5
3647,103,52,2026-02-22,5
3648,258,29,2025-10-22,1
3649,39,16,2025-08-01,3
3650,246,47,2026-07-07,4
3651,24,50,2026-04-18,4
3652,128,18,2026-06-13,5
3653,193,4,2025-06-16,1
3654,176,18,2026-08-22,3
3655,225,60,2026-05-26,1
3656,242,9,2026-07-27,3
3657,212,53,2025-07-16,2
3658,154,37,2025-08-18,5
3659,46,29,2026-05-23,3
3660,294,35,2026-08-21,5
3661,272,53,2026-03-30,1
3662,72,50,2026-08-06,1
3663,161,55,2026-04-23,4
3664,110,12,2026-07-31,4
3665,117,30,2026-06-21,3
3666,102,44,2026-02-08,3
3667,12,9,2026-02-10,4
3668,219,26,2026-06-07,4
3669,25,54,2026-03-22,1
3670,263,24,2026-05-08,5
3671,224,3,2026-07-13,3
3672,276,32,2026-01-08,5
3673,171,41,2026-08-15,1
3674,290,6,2026-08-07,1
3675,273,11,2026-08-31,5
3676,45,37,2026-08-11,5
3677,98,49,2026-08-09,4
3678,142,30,2026-04-20,2
3679,170,5,2025-09-18,5
3680,174,30,2026-06-30,4
3681,11,26,2026-08-02,3
3682,4,40,2026-08-06,1
3683,5,15,2026-05-30,4
3684,78,17,2026-01-04,5
3685,168,35,2026-03-14,2
3686,295,60,2026-04-02,5
3687,79,13,2026-08-22,2
3688,106,20,2026-07-16,1
3689,14,35,2026-01-08,2
3690,277,23,2025-08-01,3
3691,162,60,2026-08-20,2
3692,104,20,2025-08-30,4
3693,139,15,2025-12-11,3
3694,14,9,2026-08-01,1
3695,193,2,2026-06-02,2
3696,195,4,2026-05-19,4
3697,205,13,2025-10-19,4
3698,64,6,2025-11-16,5
3699,297,47,2026-03-26,1
3700,84,49,2025-12-16,1
3701,251,48,2026-07-21,3
3702,163,27,2026-05-16,2
3703,47,52,2026-06-07,3
3704,245,17,2026-05-02,1
3705,234,2,2026-04-08,4
3706,216,26,2025-10-02,3
3707,185,20,2026-04-12,4
3708,154,15,2026-05-02,1
3709,200,57,2026-08-09,1
3710,141,47,2026-03-27,1
3711,73,55,2025-12-17,2
3712,290,1,2026-06-13,5
3713,80,9,2026-07-07,1
3714,32,39,2026-06-22,3
3715,191,40,2026-06-15,2
3716,215,12,2026-05-22,5
3717,78,48,2026-08-20,2
3718,187,57,2026-02-04,2
3719,16,32,2025-10-16,3
3720,207,41,2026-07-15,3
3721,165,2,2026-07-29,1
3722,170,2,2026-07-10,1
3723,74,59,2026-06-30,1
3724,277,25,2026-07-22,5
3725,269,11,2025-12-01,1
3726,8,23,2025-11-14,1
3727,215,5,2026-05-14,4
3728,238,27,2026-08-06,5
3729,226,9,2026-08-19,1
3730,160,31,2026-08-15,3
3731,66,21,2026-07-16,5
3732,188,40,2025-06-30,4
3733,253,48,2026-08-25,5
3734,101,9,2025-11-18,5
3735,67,52,2025-07-26,2
3736,43,48,2025-04-19,4
3737,145,57,2026-08-27,1
3738,128,15,2026-03-14,2
3739,155,22,2026-07-07,5
3740,267,34,2026-08-22,2
3741,168,28,2026-01-30,2
3742,297,48,2025-07-22,4
3743,25,51,2025-10-04,2
3744,8,10,2026-06-12,1
3745,122,11,2026-04-17,3
3746,6,37,2026-08-11,4
3747,177,13,2026-08-30,4
3748,232,14,2026-07-17,5
3749,135,35,2026-04-25,1
3750,144,42,2026-05-27,5
3751,173,22,2025-12-11,3
3752,175,52,2026-04-19,5
3753,234,43,2026-05-01,3
3754,266,17,2026-03-03,3
3755,219,42,2025-05-04,5
3756,65,7,2025-09-11,4
3757,57,8,2026-02-14,3
3758,65,56,2026-01-12,3
3759,232,28,2026-08-11,1
3760,259,12,2026-03-30,5
3761,100,10,2026-08-31,2
3762,9,13,2026-07-04,5
3763,78,37,2026-06-10,5
3764,25,52,2026-03-24,3
3765,277,15,2026-06-17,5
3766,86,24,2026-03-27,1
3767,85,41,2026-08-02,5
3768,116,54,2026-01-01,5
3769,218,55,2025-08-09,3
3770,26,26,2026-07-03,4
3771,268,27,2026-01-31,4
3772,165,9,2026-06-27,3
3773,1,5,2025-08-31,5
3774,160,14,2026-08-31,5
3775,35,4,2026-08-24,2
3776,74,31,2026-04-28,2
3777,201,51,2025-09-08,4
3778,201,38,2025-09-26,2
3779,180,5,2026-06-29,3
3780,72,58,2026-06-20,1
3781,300,44,2026-02-10,2
3782,228,10,2026-05-29,3
3783,6,41,2025-08-04,5
3784,160,34,2026-07-22,5
3785,242,15,2026-08-20,3
3786,64,35,2026-06-27,4
3787,79,5,2026-08-29,3
3788,140,3,2026-01-28,3
3789,58,41,2026-06-30,4
3790,300,11,2026-08-01,3
3791,116,34,2025-12-07,1
3792,186,16,2026-06-30,4
3793,216,4,2026-07-04,1
3794,144,54,2026-05-04,3
3795,129,41,2026-04-21,3
3796,215,43,2026-08-15,3
3797,183,6,2025-09-17,1
3798,249,16,2026-08-24,4
3799,114,38,2025-12-07,3
3800,54,50,2026-08-31,4
3801,288,39,2026-07-10,5
3802,193,39,2026-08-18,4
3803,22,39,2026-02-05,5
3804,51,37,2026-07-10,1
3805,123,24,2026-08-24,5
3806,216,53,2026-03-01,1
3807,178,42,2026-08-03,4
3808,294,56,2026-08-29,1
3809,205,53,2026-08-22,4
3810,14,14,2026-03-21,1
3811,169,7,2025-12-13,4
3812,15,47,2026-08-10,3
3813,184,53,2026-08-07,3
3814,181,16,2026-06-11,4
3815,25,21,2026-02-14,3
3816,83,14,2026-08-12,5
3817,165,48,2026-01-14,3
3818,89,55,2026-07-15,1
3819,171,23,2026-08-30,2
3820,163,54,2026-06-15,1
3821,47,41,2026-02-23,3
3822,255,41,2026-08-28,4
3823,104,17,2026-07-26,3
3824,173,52,2026-04-19,3
3825,82,11,2026-06-20,1
3826,58,13,2026-07-15,3
3827,260,45,2026-08-09,3
3828,287,35,2026-02-10,4
3829,39,13,2025-05-24,1
3830,208,55,2026-04-01,2
3831,175,35,2026-02-10,4
3832,69,59,2026-07-30,1
3833,151,40,2026-08-28,1
3834,166,15,2026-08-07,1
3835,126,36,2026-08-22,3
3836,14,32,2026-04-12,2
3837,126,57,2026-08-23,4
3838,111,10,2026-06-27,3
3839,125,2,2026-08-15,5
3840,248,54,2026-08-18,4
3841,285,36,2026-03-19,2
3842,212,12,2026-07-27,5
3843,205,41,2026-04-26,4
3844,134,46,2026-06-11,3
3845,221,24,2026-01-25,2
3846,164,35,2026-02-05,1
3847,69,21,2026-07-12,5
3848,297,9,2025-08-23,5
3849,244,35,2025-12-05,1
3850,117,47,2026-06-14,5
3851,115,30,2026-08-07,5
3852,28,30,2026-07-11,4
3853,224,5,2025-08-06,1
3854,287,29,2026-08-24,1
3855,178,31,2026-05-20,1
3856,182,5,2026-08-02,3
3857,292,17,2025-12-11,5
3858,252,28,2026-07-12,2
3859,203,14,2026-08-31,3
3860,276,45,2026-01-30,3
3861,120,37,2026-07-18,4
3862,74,50,2026-08-03,5
3863,162,56,2026-08-17,5
3864,28,46,2026-05-31,5
3865,62,50,2026-02-05,5
3866,33,34,2026-07-29,2
3867,100,16,2026-08-30,2
3868,93,2,2026-08-29,1
3869,170,6,2025-06-20,4
3870,294,45,2026-08-25,4
3871,196,45,2026-04-27,2
3872,176,12,2026-06-27,3
3873,182,12,2026-07-31,4
3874,130,32,2025-06-01,2
3875,134,26,2026-03-19,2
3876,180,42,2026-08-21,1
3877,174,29,2025-04-12,5
3878,132,2,2026-04-22,1
3879,286,4,2026-04-01,1
3880,87,1,2026-06-08,1
3881,3,21,2025-12-05,3
3882,15,52,2026-07-20,1
3883,89,13,2026-08-19,5
3884,256,12,2026-04-18,2
3885,177,7,2026-08-03,5
3886,192,37,2026-07-21,4
3887,91,33,2025-07-31,4
3888,16,40,2025-04-30,5
3889,62,52,2026-04-07,3
3890,56,23,2026-08-08,2
3891,266,11,2026-03-12,4
3892,99,39,2025-07-18,5
3893,173,30,2026-08-10,5
3894,200,51,2026-07-28,1
3895,284,5,2025-10-18,2
3896,188,10,2025-11-24,4
3897,97,51,2026-03-23,1
3898,184,4,2026-07-12,5
3899,51,55,2026-07-09,3
3900,270,37,2026-07-28,5
3901,268,26,2026-06-24,5
3902,103,19,2026-04-17,2
3903,230,49,2025-10-09,3
3904,219,26,2025-11-29,4
3905,43,32,2025-02-05,4
3906,54,21,2026-06-17,4
3907,200,20,2026-08-22,3
3908,29,34,2025-03-16,2
3909,46,20,2026-08-19,5
3910,278,12,2025-11-20,1
3911,274,2,2025-05-06,3
3912,198,13,2026-02-09,5
3913,27,53,2026-08-21,5
3914,269,55,2025-12-12,5
3915,190,44,2026-05-29,1
3916,110,7,2026-08-09,2
3917,114,46,2025-10-09,1
3918,105,32,2026-08-13,5
3919,8,3,2026-02-03,2
3920,60,60,2026-07-25,1
3921,124,43,2025-12-14,2
3922,200,53,2026-04-06,3
3923,206,3,2026-03-04,2
3924,127,40,2026-04-18,3
3925,217,44,2026-07-09,3
3926,105,57,2026-08-17,4
3927,6,27,2026-06-03,4
3928,143,54,2026-08-30,2
3929,250,17,2026-04-12,4
3930,22,45,2026-07-24,4
3931,66,43,2026-08-02,2
3932,37,41,2026-03-14,1
3933,82,58,2026-08-02,1
3934,94,35,2026-08-08,2
3935,132,44,2026-06-17,4
3936,146,35,2025-09-15,3
3937,292,17,2026-01-21,1
3938,203,53,2026-08-30,1
3939,285,55,2026-02-11,2
3940,66,34,2025-09-01,4
3941,246,7,2025-11-03,2
3942,20,54,2026-03-13,2
3943,43,49,2025-03-22,2
3944,224,40,2026-02-26,4
3945,74,29,2026-08-17,1
3946,258,50,2025-07-27,2
3947,163,3,2026-08-21,1
3948,79,22,2026-08-28,3
3949,90,23,2026-03-07,2
3950,29,26,2026-02-26,2
3951,150,33,2025-04-21,2
3952,95,41,2026-06-29,3
3953,225,2,2026-07-05,1
3954,126,39,2026-08-28,3
3955,286,11,2025-08-08,5
3956,163,4,2026-04-26,1
3957,210,34,2026-07-21,1
3958,87,47,2026-04-16,3
3959,20,10,2025-10-19,2
3960,4,25,2026-07-13,5
3961,30,53,2026-04-18,5
3962,62,55,2026-03-16,1
3963,289,35,2025-12-15,1
3964,244,60,2026-08-26,4
3965,145,44,2026-08-27,4
3966,231,59,2026-08-22,2
3967,252,40,2025-11-22,3
3968,233,31,2025-11-26,4
3969,275,57,2026-02-05,2
3970,74,19,2026-08-28,2
3971,199,17,2026-06-02,3
3972,11,28,2026-03-14,2
3973,22,30,2026-04-24,5
3974,117,26,2026-02-20,3
3975,107,26,2026-05-02,4
3976,236,47,2026-05-08,4
3977,199,30,2026-06-28,3
3978,167,43,2026-03-21,2
3979,272,14,2026-03-06,2
3980,98,37,2026-08-13,5
3981,187,58,2026-08-04,5
3982,210,24,2025-11-30,2
3983,202,10,2026-07-31,1
3984,278,42,2026-04-11,3
3985,212,4,2025-09-03,2
3986,173,36,2025-11-26,4
3987,265,28,2026-05-28,4
3988,13,45,2026-03-18,4
3989,291,43,2025-09-16,3
3990,289,50,2026-01-26,4
3991,295,51,2026-01-12,2
3992,211,21,2026-04-14,2
3993,67,49,2026-07-13,3
3994,272,48,2025-11-19,1
3995,34,6,2025-06-02,1
3996,28,22,2026-01-14,3
3997,183,13,2025-11-27,2
3998,158,54,2026-02-09,3
3999,162,38,2026-08-31,4
4000,244,22,2025-07-16,3
